Number,Name,Type1,Type2,Origin,RBYDex,GSCDex,RSEDex,DPDex,PlatDex,BWDex,BW2Dex,XYDex1,XYDex2,XYDex3,ORASDex,SMDex,USMDex,LGPEDex,SSDex1,SSDex2,SSDex3,LADex,AltVal,ImgWidth,ImgHeight,MarginLeft,MarginTop,MarginRight,MarginBottom
1,bulbasaur,Grass,Poison,Kanto,1,226,,,,,,80,,,,,,1,,68,,,,32,32,-2,-3,-2,-3
2,ivysaur,Grass,Poison,Kanto,2,227,,,,,,81,,,,,,2,,69,,,,32,32,-2,-3,-2,-3
3,venusaur,Grass,Poison,Kanto,3,228,,,,,,82,,,,,,3,,70,,,,32,32,-2,-3,-2,-3
4,charmander,Fire,,Kanto,4,229,,,,,,83,,,,,,4,378,,,,,32,32,-2,-3,-2,-3
5,charmeleon,Fire,,Kanto,5,230,,,,,,84,,,,,,5,379,,,,,32,32,-2,-3,-2,-3
6,charizard,Fire,Flying,Kanto,6,231,,,,,,85,,,,,,6,380,,,,,32,32,-2,-3,-2,-3
6,charizard,Fire,Dragon,Kanto,,,,,,,,85,,,,,,6,,,,,1,32,32,-2,-3,-2,-3
7,squirtle,Water,,Kanto,7,232,,,,,,86,,,,,,7,,71,,,,32,32,-2,-3,-2,-3
8,wartortle,Water,,Kanto,8,233,,,,,,87,,,,,,8,,72,,,,32,32,-2,-3,-2,-3
9,blastoise,Water,,Kanto,9,234,,,,,,88,,,,,,9,,73,,,,32,32,-2,-3,-2,-3
10,caterpie,Bug,,Kanto,10,24,,,,,,23,,,,17,17,10,13,,,,,32,32,-2,-3,-2,-3
11,metapod,Bug,,Kanto,11,25,,,,,,24,,,,18,18,11,14,,,,,32,32,-2,-3,-2,-3
12,butterfree,Bug,Flying,Kanto,12,26,,,,,,25,,,,19,19,12,15,,,,,32,32,-2,-3,-2,-3
13,weedle,Bug,Poison,Kanto,13,27,,,,,,26,,,,,,13,,,,,,32,32,-2,-3,-2,-3
14,kakuna,Bug,Poison,Kanto,14,28,,,,,,27,,,,,,14,,,,,,32,32,-2,-3,-2,-3
15,beedrill,Bug,Poison,Kanto,15,29,,,,,,28,,,,,,15,,,,,,32,32,-2,-3,-2,-3
16,pidgey,Normal,Flying,Kanto,16,10,,,,,,17,,,,,,16,,,,,,32,32,-2,-3,-2,-3
17,pidgeotto,Normal,Flying,Kanto,17,11,,,,,,18,,,,,,17,,,,,,32,32,-2,-3,-2,-3
18,pidgeot,Normal,Flying,Kanto,18,12,,,,,,19,,,,,,18,,,,,,32,32,-2,-3,-2,-3
19,rattata,Normal,,Kanto,19,17,,,,,59,,,,,15,15,19,,,,,,32,32,-2,-3,-2,-3
19,rattata,Dark,Normal,Kanto,,,,,,,,,,,,15,15,19,,,,,1,32,32,-2,-3,-2,-3
20,raticate,Normal,,Kanto,20,18,,,,,60,,,,,16,16,20,,,,,,32,32,-2,-3,-2,-3
20,raticate,Dark,Normal,Kanto,,,,,,,,,,,,16,16,20,,,,,1,32,32,-2,-3,-2,-3
21,spearow,Normal,Flying,Kanto,21,13,,,,,,,,109,,73,87,21,,,,,,32,32,-2,-3,-2,-3
22,fearow,Normal,Flying,Kanto,22,14,,,,,,,,110,,74,88,22,,,,,,32,32,-2,-3,-2,-3
23,ekans,Poison,,Kanto,23,50,,,,,,,,37,,,61,23,,,,,,32,32,-2,-3,-2,-3
24,arbok,Poison,,Kanto,24,51,,,,,,,,38,,,62,24,,,,,,32,32,-2,-3,-2,-3
25,pikachu,Electric,,Kanto,25,22,156,104,104,,,36,,,163,25,32,25,194,85,,56,,32,32,-2,-3,-2,-3
26,raichu,Electric,,Kanto,26,23,157,105,105,,,37,,,164,26,33,26,195,86,,57,,32,32,-2,-3,-2,-3
26,raichu,Electric,Psychic,Kanto,,,,,,,,,,,,26,33,26,195,86,,,1,32,32,-2,-3,-2,-3
27,sandshrew,Ground,,Kanto,27,48,112,,,,113,,,97,117,251,328,27,,168,,,,32,32,-2,-3,-2,-3
27,sandshrew,Ice,Steel,Kanto,,,,,,,,,,,,251,328,27,,168,,,1,32,32,-2,-3,-2,-3
28,sandslash,Ground,,Kanto,28,49,113,,,,114,,,98,118,252,329,28,,169,,,,32,32,-2,-3,-2,-3
28,sandslash,Ice,Steel,Kanto,,,,,,,,,,,,252,329,28,,169,,,1,32,32,-2,-3,-2,-3
29,nidoranf,Poison,,Kanto,29,95,,,,,,,104,,,,,29,,,65,,,32,32,-2,-3,-2,-3
30,nidorina,Poison,,Kanto,30,96,,,,,,,105,,,,,30,,,66,,,32,32,-2,-3,-2,-3
31,nidoqueen,Poison,Ground,Kanto,31,97,,,,,,,106,,,,,31,,,67,,,32,32,-2,-3,-2,-3
32,nidoranm,Poison,,Kanto,32,98,,,,,,,107,,,,,32,,,68,,,32,32,-2,-3,-2,-3
33,nidorino,Poison,,Kanto,33,99,,,,,,,108,,,,,33,,,69,,,32,32,-2,-3,-2,-3
34,nidoking,Poison,Ground,Kanto,34,100,,,,,,,109,,,,,34,,,70,,,32,32,-2,-3,-2,-3
35,clefairy,Fairy,,Kanto,35,41,,100,100,,89,,,,,211,273,35,255,,44,200,,32,32,-2,-3,-2,-3
36,clefable,Fairy,,Kanto,36,42,,101,101,,90,,,,,212,274,36,256,,45,201,,32,32,-2,-3,-2,-3
37,vulpix,Fire,,Kanto,37,125,153,,,,248,,,,160,253,330,37,68,,,168,,32,32,-2,-3,-2,-3
37,vulpix,Ice,,Kanto,,,,,,,,,,,,253,330,37,68,,,168,1,32,32,-2,-3,-2,-3
38,ninetales,Fire,,Kanto,38,126,154,,,,249,,,,161,254,331,38,69,,,169,,32,32,-2,-3,-2,-3
38,ninetales,Ice,Fairy,Kanto,,,,,,,,,,,,254,331,38,69,,,169,1,32,32,-2,-3,-2,-3
39,jigglypuff,Normal,Fairy,Kanto,39,44,138,,,,282,,,120,143,135,168,39,,12,,,,32,32,-2,-3,-2,-3
40,wigglytuff,Normal,Fairy,Kanto,40,45,139,,,,283,,,121,144,136,169,40,,13,,,,32,32,-2,-3,-2,-3
41,zubat,Poison,Flying,Kanto,41,37,63,28,28,,61,145,,,65,68,80,41,,,144,34,,32,32,-2,-3,-2,-3
42,golbat,Poison,Flying,Kanto,42,38,64,29,29,,62,146,,,66,69,81,42,,,145,35,,32,32,-2,-3,-2,-3
43,oddish,Grass,Poison,Kanto,43,83,88,,,,,105,,,91,,,43,55,,,,,32,32,-2,-3,-2,-3
44,gloom,Grass,Poison,Kanto,44,84,89,,,,,106,,,92,,,44,56,,,,,32,32,-2,-3,-2,-3
45,vileplume,Grass,Poison,Kanto,45,85,90,,,,,107,,,93,,,45,57,,,,,32,32,-2,-3,-2,-3
46,paras,Bug,Grass,Kanto,46,70,,,,,,,,,,147,180,46,,,,53,,32,32,-2,-3,-2,-3
47,parasect,Bug,Grass,Kanto,47,71,,,,,,,,,,148,181,47,,,,54,,32,32,-2,-3,-2,-3
48,venonat,Bug,Poison,Kanto,48,108,,,,,,,,,,,,48,,,,,,32,32,-2,-3,-2,-3
49,venomoth,Bug,Poison,Kanto,49,109,,,,,,,,,,,,49,,,,,,32,32,-2,-3,-2,-3
50,diglett,Ground,,Kanto,50,132,,,,,,,,1,,71,85,50,164,,,,,32,32,-2,-3,-2,-3
50,diglett,Ground,Steel,Kanto,,,,,,,,,,,,71,85,50,164,,,,1,32,32,-2,-3,-2,-3
51,dugtrio,Ground,,Kanto,51,133,,,,,,,,2,,72,86,51,165,,,,,32,32,-2,-3,-2,-3
51,dugtrio,Ground,Steel,Kanto,,,,,,,,,,,,72,86,51,165,,,,1,32,32,-2,-3,-2,-3
52,meowth,Normal,,Kanto,52,136,,,,,,,,,,45,52,52,182,,,,,32,32,-2,-3,-2,-3
52,meowth,Dark,,Kanto,,,,,,,,,,,,45,52,52,182,,,,1,32,32,-2,-3,-2,-3
52,meowth,Steel,,Kanto,,,,,,,,,,,,,,,182,,,,2,32,32,-2,-3,-2,-3
53,persian,Normal,,Kanto,53,137,,,,,,,,,,46,53,53,184,,,,,32,32,-2,-3,-2,-3
53,persian,Dark,,Kanto,,,,,,,,,,,,46,53,53,184,,,,1,32,32,-2,-3,-2,-3
54,psyduck,Water,,Kanto,54,138,158,43,43,,28,59,,,165,89,107,54,,146,,68,,32,32,-2,-3,-2,-3
55,golduck,Water,,Kanto,55,139,159,44,44,,29,60,,,166,90,108,55,,147,,69,,32,32,-2,-3,-2,-3
56,mankey,Fighting,,Kanto,56,134,,,,,,,,,,79,93,56,,,,,,32,32,-2,-3,-2,-3
57,primeape,Fighting,,Kanto,57,135,,,,,,,,,,80,94,57,,,,,,32,32,-2,-3,-2,-3
58,growlithe,Fire,,Kanto,58,127,,,,,51,,,,,52,64,58,70,,,,,32,32,-2,-3,-2,-3
58,growlithe,Fire,Rock,Kanto,,,,,,,,,,,,,,,,,,150,1,32,32,-2,-3,-2,-3
59,arcanine,Fire,,Kanto,59,128,,,,,52,,,,,53,65,59,71,,,,,32,32,-2,-3,-2,-3
59,arcanine,Fire,Rock,Kanto,,,,,,,,,,,,,,,,,,151,1,32,32,-2,-3,-2,-3
60,poliwag,Water,,Kanto,60,72,,,,,,,,33,,149,182,60,,142,,,,32,32,-2,-3,-2,-3
61,poliwhirl,Water,,Kanto,61,73,,,,,,,,34,,150,183,61,,143,,,,32,32,-2,-3,-2,-3
62,poliwrath,Water,Fighting,Kanto,62,74,,,,,,,,35,,151,184,62,,144,,,,32,32,-2,-3,-2,-3
63,abra,Psychic,,Kanto,63,89,39,20,20,,,102,,,40,42,49,63,,31,,58,,32,32,-2,-3,-2,-3
64,kadabra,Psychic,,Kanto,64,90,40,21,21,,,103,,,41,43,50,64,,32,,59,,32,32,-2,-3,-2,-3
65,alakazam,Psychic,,Kanto,65,91,41,22,22,,,104,,,42,44,51,65,,33,,60,,32,32,-2,-3,-2,-3
66,machop,Fighting,,Kanto,66,140,73,40,40,,,,57,,75,95,117,66,138,,,154,,32,32,-2,-3,-2,-3
67,machoke,Fighting,,Kanto,67,141,74,41,41,,,,58,,76,96,118,67,139,,,155,,32,32,-2,-3,-2,-3
68,machamp,Fighting,,Kanto,68,142,75,42,42,,,,59,,77,97,119,68,140,,,156,,32,32,-2,-3,-2,-3
69,bellsprout,Grass,Poison,Kanto,69,64,,,,,,,,26,,,,69,,,,,,32,32,-2,-3,-2,-3
70,weepinbell,Grass,Poison,Kanto,70,65,,,,,,,,27,,,,70,,,,,,32,32,-2,-3,-2,-3
71,victreebel,Grass,Poison,Kanto,71,66,,,,,,,,28,,,,71,,,,,,32,32,-2,-3,-2,-3
72,tentacool,Water,Poison,Kanto,72,162,66,136,136,,,,25,,68,106,129,72,,40,,170,,32,32,-2,-3,-2,-3
73,tentacruel,Water,Poison,Kanto,73,163,67,137,137,,,,26,,69,107,130,73,,41,,171,,32,32,-2,-3,-2,-3
74,geodude,Rock,Ground,Kanto,74,34,57,31,31,,,,,9,58,229,298,74,,,,46,,32,32,-2,-3,-2,-3
74,geodude,Rock,Electric,Kanto,,,,,,,,,,,,229,298,74,,,,,1,32,32,-2,-3,-2,-3
75,graveler,Rock,Ground,Kanto,75,35,58,32,32,,,,,10,59,230,299,75,,,,47,,32,32,-2,-3,-2,-3
75,graveler,Rock,Electric,Kanto,,,,,,,,,,,,230,299,75,,,,,1,32,32,-2,-3,-2,-3
76,golem,Rock,Ground,Kanto,76,36,59,33,33,,,,,11,60,231,300,76,,,,48,,32,32,-2,-3,-2,-3
76,golem,Rock,Electric,Kanto,,,,,,,,,,,,231,300,76,,,,,1,32,32,-2,-3,-2,-3
77,ponyta,Fire,,Kanto,77,201,,90,90,,,,,,,,,77,333,,105,23,,32,32,-2,-3,-2,-3
77,ponyta,Psychic,,Kanto,,,,,,,,,,,,,,,333,,105,,1,32,32,-2,-3,-2,-3
78,rapidash,Fire,,Kanto,78,202,,91,91,,,,,,,,,78,334,,106,24,,32,32,-2,-3,-2,-3
78,rapidash,Psychic,Fairy,Kanto,,,,,,,,,,,,,,,334,,106,,1,32,32,-2,-3,-2,-3
79,slowpoke,Water,Psychic,Kanto,79,80,,,,,,,133,,,37,44,79,,1,,,,32,32,-2,-3,-2,-3
79,slowpoke,Psychic,,Kanto,,,,,,,,,,,,,,,,1,,,1,32,32,-2,-3,-2,-3
80,slowbro,Water,Psychic,Kanto,80,81,,,,,,,134,,,38,45,80,,2,,,,32,32,-2,-3,-2,-3
80,slowbro,Poison,Psychic,Kanto,,,,,,,,,,,,,,,,2,,,1,32,32,-2,-3,-2,-3
81,magnemite,Electric,Steel,Kanto,81,118,82,,178,,48,,,69,84,47,54,81,,105,,177,,32,32,-2,-3,-2,-3
82,magneton,Electric,Steel,Kanto,82,119,83,,179,,49,,,70,85,48,55,82,,106,,178,,32,32,-2,-3,-2,-3
83,farfetchd,Normal,Flying,Kanto,83,158,,,,,,61,,,,,,83,218,,,,,32,32,-2,-3,-2,-3
83,farfetchd,Fighting,,Kanto,,,,,,,,,,,,,,,218,,,,1,32,32,-2,-3,-2,-3
84,doduo,Normal,Flying,Kanto,84,199,92,,,,,94,,,95,,,84,,,,,,32,32,-2,-3,-2,-3
85,dodrio,Normal,Flying,Kanto,85,200,93,,,,,95,,,96,,,85,,,,,,32,32,-2,-3,-2,-3
86,seel,Water,,Kanto,86,176,,,,,265,,,,,,115,86,,,,,,32,32,-2,-3,-2,-3
87,dewgong,Water,Ice,Kanto,87,177,,,,,266,,,,,,116,87,,,,,,32,32,-2,-3,-2,-3
88,grimer,Poison,,Kanto,88,116,106,,,,64,,,,111,50,57,88,,,,,,32,32,-2,-3,-2,-3
88,grimer,Poison,Dark,Kanto,,,,,,,,,,,,50,57,88,,,,,1,32,32,-2,-3,-2,-3
89,muk,Poison,,Kanto,89,117,107,,,,65,,,,112,51,58,89,,,,,,32,32,-2,-3,-2,-3
89,muk,Poison,Dark,Kanto,,,,,,,,,,,,51,58,89,,,,,1,32,32,-2,-3,-2,-3
90,shellder,Water,,Kanto,90,169,,,,,,,36,,,115,138,90,150,131,,,,32,32,-2,-3,-2,-3
91,cloyster,Water,Ice,Kanto,91,170,,,,,,,37,,,116,139,91,151,132,,,,32,32,-2,-3,-2,-3
92,gastly,Ghost,Poison,Kanto,92,58,,69,69,,,,,30,,61,73,92,141,,,136,,32,32,-2,-3,-2,-3
93,haunter,Ghost,Poison,Kanto,93,59,,70,70,,,,,31,,62,74,93,142,,,137,,32,32,-2,-3,-2,-3
94,gengar,Ghost,Poison,Kanto,94,60,,71,71,,,,,32,,63,75,94,143,,,138,,32,32,-2,-3,-2,-3
95,onix,Rock,Ground,Kanto,95,62,,34,34,,71,,53,,,,,95,178,,,118,,32,32,-2,-3,-2,-3
96,drowzee,Psychic,,Kanto,96,87,,,,,,,,,,54,66,96,,,,,,32,32,-2,-3,-2,-3
97,hypno,Psychic,,Kanto,97,88,,,,,,,,,,55,67,97,,,,,,32,32,-2,-3,-2,-3
98,krabby,Water,,Kanto,98,164,,,,,,,,,,,,98,98,38,,,,32,32,-2,-3,-2,-3
99,kingler,Water,,Kanto,99,165,,,,,,,,,,,,99,99,39,,,,32,32,-2,-3,-2,-3
100,voltorb,Electric,,Kanto,100,120,84,,,,,,,72,87,,,100,,,,,,32,32,-2,-3,-2,-3
100,voltorb,Electric,Grass,Kanto,,,,,,,,,,,,,,,,,,192,1,32,32,-2,-3,-2,-3
101,electrode,Electric,,Kanto,101,121,85,,,,,,,73,88,,,101,,,,,,32,32,-2,-3,-2,-3
101,electrode,Electric,Grass,Kanto,,,,,,,,,,,,,,,,,,193,1,32,32,-2,-3,-2,-3
102,exeggcute,Grass,Psychic,Kanto,102,104,,,,,,,136,,,269,355,102,,205,,,,32,32,-2,-3,-2,-3
103,exeggutor,Grass,Psychic,Kanto,103,105,,,,,,,137,,,270,356,103,,206,,,,32,32,-2,-3,-2,-3
103,exeggutor,Grass,Dragon,Kanto,,,,,,,,,,,,270,356,103,,206,,,1,32,32,-2,-3,-2,-3
104,cubone,Ground,,Kanto,104,203,,,,,,,60,,,163,197,104,,170,,,,32,32,-2,-3,-2,-3
105,marowak,Ground,,Kanto,105,204,,,,,,,61,,,164,198,105,,171,,,,32,32,-2,-3,-2,-3
105,marowak,Fire,Ghost,Kanto,,,,,,,,,,,,164,198,105,,171,,,1,32,32,-2,-3,-2,-3
106,hitmonlee,Fighting,,Kanto,106,144,,,,,,,,,,,,106,108,,,,,32,32,-2,-3,-2,-3
107,hitmonchan,Fighting,,Kanto,107,145,,,,,,,,,,,,107,109,,,,,32,32,-2,-3,-2,-3
108,lickitung,Normal,,Kanto,108,178,,,161,,284,,,134,,,375,108,,54,,125,,32,32,-2,-3,-2,-3
109,koffing,Poison,,Kanto,109,114,108,,,,46,,,,113,,,109,250,,,,,32,32,-2,-3,-2,-3
110,weezing,Poison,,Kanto,110,115,109,,,,47,,,,114,,,110,251,,,,,32,32,-2,-3,-2,-3
110,weezing,Poison,Fairy,Kanto,,,,,,,,,,,,,,,251,,,,1,32,32,-2,-3,-2,-3
111,rhyhorn,Ground,Rock,Kanto,111,206,169,,186,,,,50,,176,,,111,264,183,,120,,32,32,-2,-3,-2,-3
112,rhydon,Ground,Rock,Kanto,112,207,170,,187,,,,51,,177,,,112,265,184,,121,,32,32,-2,-3,-2,-3
113,chansey,Normal,,Kanto,113,217,,97,97,,,,,,,33,40,113,,7,,87,,32,32,-2,-3,-2,-3
114,tangela,Grass,,Kanto,114,179,,,181,,217,,,,,,,114,,80,,95,,32,32,-2,-3,-2,-3
115,kangaskhan,Normal,,Kanto,115,205,,,,,,,62,,,165,199,115,,172,,,,32,32,-2,-3,-2,-3
116,horsea,Water,,Kanto,116,186,184,,,,,,39,,193,,,116,,198,,,,32,32,-2,-3,-2,-3
117,seadra,Water,,Kanto,117,187,185,,,,,,40,,194,,,117,,199,,,,32,32,-2,-3,-2,-3
118,goldeen,Water,,Kanto,118,78,50,78,78,,,53,,,51,153,186,118,146,94,,,,32,32,-2,-3,-2,-3
119,seaking,Water,,Kanto,119,79,51,79,79,,,54,,,52,154,187,119,147,95,,,,32,32,-2,-3,-2,-3
120,staryu,Water,,Kanto,120,167,143,,,,238,,34,,148,184,223,120,,98,,,,32,32,-2,-3,-2,-3
121,starmie,Water,Psychic,Kanto,121,168,144,,,,239,,35,,149,185,224,121,,99,,,,32,32,-2,-3,-2,-3
122,mrmime,Psychic,Fairy,Kanto,122,156,,95,95,,,,114,,,,60,122,365,,11,77,,32,32,-2,-3,-2,-3
122,mrmime,Ice,Psychic,Kanto,,,,,,,,,,,,,,,365,,11,,1,32,32,-2,-3,-2,-3
123,scyther,Bug,Flying,Kanto,123,110,,,195,,,,,136,,275,365,123,,118,,72,,32,32,-2,-3,-2,-3
124,jynx,Ice,Psychic,Kanto,124,153,,,,,,,,84,,,110,124,,,14,,,32,32,-2,-3,-2,-3
125,electabuzz,Electric,,Kanto,125,155,,,198,,57,,,,,227,296,125,,,16,183,,32,32,-2,-3,-2,-3
126,magmar,Fire,,Kanto,126,151,,,201,,54,,,,,167,201,126,,,19,175,,32,32,-2,-3,-2,-3
127,pinsir,Bug,,Kanto,127,112,167,,,,146,,130,,174,175,211,127,,120,,,,32,32,-2,-3,-2,-3
127,pinsir,Bug,Flying,Kanto,,,,,,,,,130,,174,175,211,127,,,,,1,32,32,-2,-3,-2,-3
128,tauros,Normal,,Kanto,128,148,,,,,,,125,,,137,170,128,,116,,,,32,32,-2,-3,-2,-3
129,magikarp,Water,,Kanto,129,76,52,23,23,,,49,,,53,91,111,129,144,42,62,80,,32,32,-2,-3,-2,-3
130,gyarados,Water,Flying,Kanto,130,77,53,24,24,,,50,,,54,92,112,130,145,43,63,81,,32,32,-2,-3,-2,-3
130,gyarados,Water,Dark,Kanto,,,,,,,,50,,,54,92,112,130,,,,,1,32,32,-2,-3,-2,-3
131,lapras,Water,Ice,Kanto,131,219,,,,,242,,150,,,268,353,131,361,,190,,,32,32,-2,-3,-2,-3
132,ditto,Normal,,Kanto,132,92,,,,,261,,,138,,209,271,132,373,207,,,,32,32,-2,-3,-2,-3
133,eevee,Normal,,Kanto,133,180,,,163,,91,,77,,,123,153,133,196,,74,25,,32,32,-2,-3,-2,-3
134,vaporeon,Water,,Kanto,134,181,,,164,,92,,78,,,124,154,134,197,,75,26,,32,32,-2,-3,-2,-3
135,jolteon,Electric,,Kanto,135,182,,,165,,93,,79,,,125,155,135,198,,76,27,,32,32,-2,-3,-2,-3
136,flareon,Fire,,Kanto,136,183,,,166,,94,,80,,,126,156,136,199,,77,28,,32,32,-2,-3,-2,-3
137,porygon,Normal,,Kanto,137,215,,,192,,,,,,,217,281,137,,208,,133,,32,32,-2,-3,-2,-3
138,omanyte,Rock,Water,Kanto,138,220,,,,,,,,,,,227,138,,,123,,,32,32,-2,-3,-2,-3
139,omastar,Rock,Water,Kanto,139,221,,,,,,,,,,,228,139,,,124,,,32,32,-2,-3,-2,-3
140,kabuto,Rock,Water,Kanto,140,222,,,,,,,,,,,229,140,,,125,,,32,32,-2,-3,-2,-3
141,kabutops,Rock,Water,Kanto,141,223,,,,,,,,,,,230,141,,,126,,,32,32,-2,-3,-2,-3
142,aerodactyl,Rock,Flying,Kanto,142,224,,,,,,,68,,,284,382,142,,,127,,,32,32,-2,-3,-2,-3
143,snorlax,Normal,,Kanto,143,225,,113,113,,,139,,,,36,43,143,267,,173,52,,32,32,-2,-3,-2,-3
144,articuno,Ice,Flying,Kanto,144,235,,,,,,,151,,,,,144,,,202,,,32,32,-2,-3,-2,-3
144,articuno,Psychic,Flying,Kanto,,,,,,,,,,,,,,,,,202,,1,32,32,-2,-3,-2,-3
145,zapdos,Electric,Flying,Kanto,145,236,,,,,,,152,,,,,145,,,203,,,32,32,-2,-3,-2,-3
145,zapdos,Fighting,Flying,Kanto,,,,,,,,,,,,,,,,,203,,1,32,32,-2,-3,-2,-3
146,moltres,Fire,Flying,Kanto,146,237,,,,,,,153,,,,,146,,,204,,,32,32,-2,-3,-2,-3
146,moltres,Dark,Flying,Kanto,,,,,,,,,,,,,,,,,204,,1,32,32,-2,-3,-2,-3
147,dratini,Dragon,,Kanto,147,241,,,,,,,,145,,281,379,147,,,194,,,32,32,-2,-3,-2,-3
148,dragonair,Dragon,,Kanto,148,242,,,,,,,,146,,282,380,148,,,195,,,32,32,-2,-3,-2,-3
149,dragonite,Dragon,Flying,Kanto,149,243,,,,,,,,147,,283,381,149,,,196,,,32,32,-2,-3,-2,-3
150,mewtwo,Psychic,,Kanto,150,249,,,,,,,,151,,,,150,,,,,,32,32,-2,-3,-2,-3
150,mewtwo,Psychic,Fighting,Kanto,,,,,,,,,,151,,,,150,,,,,1,32,32,-2,-3,-2,-3
151,mew,Psychic,,Kanto,151,250,,,,,,,,,,,,151,,,,,,32,32,-2,-3,-2,-3
152,chikorita,Grass,,Johto,,1,,,,,,,,,,,,,,,,,,32,32,-2,-3,-2,-3
153,bayleef,Grass,,Johto,,2,,,,,,,,,,,,,,,,,,32,32,-2,-3,-2,-3
154,meganium,Grass,,Johto,,3,,,,,,,,,,,,,,,,,,32,32,-2,-3,-2,-3
155,cyndaquil,Fire,,Johto,,4,,,,,,,,,,,,,,,,4,,32,32,-2,-3,-2,-3
156,quilava,Fire,,Johto,,5,,,,,,,,,,,,,,,,5,,32,32,-2,-3,-2,-3
157,typhlosion,Fire,,Johto,,6,,,,,,,,,,,,,,,,,,32,32,-2,-3,-2,-3
157,typhlosion,Fire,Ghost,Johto,,,,,,,,,,,,,,,,,,6,1,32,32,-2,-3,-2,-3
158,totodile,Water,,Johto,,7,,,,,,,,,,,,,,,,,,32,32,-2,-3,-2,-3
159,croconaw,Water,,Johto,,8,,,,,,,,,,,,,,,,,,32,32,-2,-3,-2,-3
160,feraligatr,Water,,Johto,,9,,,,,,,,,,,,,,,,,,32,32,-2,-3,-2,-3
161,sentret,Normal,,Johto,,19,,,,,,109,,,,,,,,,,,,32,32,-2,-3,-2,-3
162,furret,Normal,,Johto,,20,,,,,,110,,,,,,,,,,,,32,32,-2,-3,-2,-3
163,hoothoot,Normal,Flying,Johto,,15,,106,106,,,,,117,,,212,,19,,,,,32,32,-2,-3,-2,-3
164,noctowl,Normal,Flying,Johto,,16,,107,107,,,,,118,,,213,,20,,,,,32,32,-2,-3,-2,-3
165,ledyba,Bug,Flying,Johto,,30,,,,,,74,,,,20,20,,,,,,,32,32,-2,-3,-2,-3
166,ledian,Bug,Flying,Johto,,31,,,,,,75,,,,21,21,,,,,,,32,32,-2,-3,-2,-3
167,spinarak,Bug,Poison,Johto,,32,,,,,,,,107,,22,22,,,,,,,32,32,-2,-3,-2,-3
168,ariados,Bug,Poison,Johto,,33,,,,,,,,108,,23,23,,,,,,,32,32,-2,-3,-2,-3
169,crobat,Poison,Flying,Johto,,39,65,30,30,,63,147,,,67,70,82,,,,146,36,,32,32,-2,-3,-2,-3
170,chinchou,Water,Electric,Johto,,174,181,,,,,,147,,190,201,257,,220,188,,,,32,32,-2,-3,-2,-3
171,lanturn,Water,Electric,Johto,,175,182,,,,,,148,,191,202,258,,221,189,,,,32,32,-2,-3,-2,-3
172,pichu,Electric,,Johto,,21,155,103,103,,,35,,,162,24,31,,193,84,,55,,32,32,-2,-3,-2,-3
173,cleffa,Fairy,,Johto,,40,,99,99,,88,,,,,210,272,,254,,43,199,,32,32,-2,-3,-2,-3
174,igglybuff,Normal,Fairy,Johto,,43,137,,,,281,,,119,142,134,167,,,11,,,,32,32,-2,-3,-2,-3
175,togepi,Fairy,,Johto,,46,,,173,,,,,,,,,,257,,,127,,32,32,-2,-3,-2,-3
176,togetic,Fairy,Flying,Johto,,47,,,174,,,,,,,,,,258,,,128,,32,32,-2,-3,-2,-3
177,natu,Psychic,Flying,Johto,,159,162,,,,,,,,169,,252,,92,,,,,32,32,-2,-3,-2,-3
178,xatu,Psychic,Flying,Johto,,160,163,,,,,,,,170,,253,,93,,,,,32,32,-2,-3,-2,-3
179,mareep,Electric,,Johto,,53,,,,,25,,127,,,,162,,,,,,,32,32,-2,-3,-2,-3
180,flaaffy,Electric,,Johto,,54,,,,,26,,128,,,,163,,,,,,,32,32,-2,-3,-2,-3
181,ampharos,Electric,,Johto,,55,,,,,27,,129,,,,164,,,,,,,32,32,-2,-3,-2,-3
181,ampharos,Electric,Dragon,Johto,,,,,,,,,129,,,,164,,,,,,1,32,32,-2,-3,-2,-3
182,bellossom,Grass,,Johto,,86,91,,,,,108,,,94,,,,58,,,,,32,32,-2,-3,-2,-3
183,marill,Water,Fairy,Johto,,130,55,125,125,,31,42,,,56,,,,,140,,,,32,32,-2,-3,-2,-3
184,azumarill,Water,Fairy,Johto,,131,56,126,126,,32,43,,,57,,,,,141,,,,32,32,-2,-3,-2,-3
185,sudowoodo,Rock,,Johto,,106,,93,93,,,,,130,,31,38,,253,,,124,,32,32,-2,-3,-2,-3
186,politoed,Water,,Johto,,75,,,,,,,,36,,154,185,,,145,,,,32,32,-2,-3,-2,-3
187,hoppip,Grass,Flying,Johto,,67,,,,,,135,,,,,,,,,,,,32,32,-2,-3,-2,-3
188,skiploom,Grass,Flying,Johto,,68,,,,,,136,,,,,,,,,,,,32,32,-2,-3,-2,-3
189,jumpluff,Grass,Flying,Johto,,69,,,,,,137,,,,,,,,,,,,32,32,-2,-3,-2,-3
190,aipom,Normal,,Johto,,122,,63,63,,,,,,,,368,,,,,78,,32,32,-2,-3,-2,-3
191,sunkern,Grass,,Johto,,102,,,,,20,,,,,,,,,,,,,32,32,-2,-3,-2,-3
192,sunflora,Grass,,Johto,,103,,,,,21,,,,,,,,,,,,,32,32,-2,-3,-2,-3
193,yanma,Bug,Flying,Johto,,101,,,184,,286,,87,,,,,,,,,105,,32,32,-2,-3,-2,-3
194,wooper,Water,Ground,Johto,,56,,117,117,,,,,17,,,,,100,58,,,,32,32,-2,-3,-2,-3
195,quagsire,Water,Ground,Johto,,57,,118,118,,,,,18,,,,,101,59,,,,32,32,-2,-3,-2,-3
196,espeon,Psychic,,Johto,,184,,,167,,95,,81,,,127,157,,200,,79,29,,32,32,-2,-3,-2,-3
197,umbreon,Dark,,Johto,,185,,,168,,96,,82,,,128,158,,201,,78,30,,32,32,-2,-3,-2,-3
198,murkrow,Dark,Flying,Johto,,208,,74,74,,,,,51,,277,78,,,,,140,,32,32,-2,-3,-2,-3
199,slowking,Water,Psychic,Johto,,82,,,,,,,135,,,39,46,,,3,,,,32,32,-2,-3,-2,-3
199,slowking,Poison,Psychic,Johto,,,,,,,,,,,,,,,,3,,,1,32,32,-2,-3,-2,-3
200,misdreavus,Ghost,,Johto,,214,,72,72,,,,,,,66,372,,,,,197,,32,32,-2,-3,-2,-3
201,unown,Psychic,,Johto,,61,,114,114,,,,,,,,,,,,,142,,32,32,-2,-3,-2,-3
202,wobbuffet,Psychic,,Johto,,107,161,,,,,,119,,168,,,,217,,,,,32,32,-2,-3,-2,-3
203,girafarig,Normal,Psychic,Johto,,147,164,121,121,,,,,,171,,,,,,,,,32,32,-2,-3,-2,-3
204,pineco,Bug,,Johto,,93,,,,,,,,,,,268,,,,,,,32,32,-2,-3,-2,-3
205,forretress,Bug,Steel,Johto,,94,,,,,,,,,,,269,,,,,,,32,32,-2,-3,-2,-3
206,dunsparce,Normal,,Johto,,52,,,,,35,40,,,,,63,,,52,,,,32,32,-2,-3,-2,-3
207,gligar,Ground,Flying,Johto,,189,,,153,,221,,,115,,,,,,,,185,,32,32,-2,-3,-2,-3
208,steelix,Steel,Ground,Johto,,63,,35,35,,72,,54,116,,,,,179,,,119,,36,32,-4,-3,-4,-3
209,snubbull,Fairy,,Johto,,123,,,,,,,71,,,258,339,,,,,,,32,32,-2,-3,-2,-3
210,granbull,Fairy,,Johto,,124,,,,,,,72,,,259,340,,,,,,,32,32,-2,-3,-2,-3
211,qwilfish,Water,Poison,Johto,,161,,,,,,,38,,,,,,304,,,,,32,32,-2,-3,-2,-3
211,qwilfish,Dark,Poison,Johto,,,,,,,,,,,,,,,,,,84,1,32,32,-2,-3,-2,-3
212,scizor,Bug,Steel,Johto,,111,,,196,,,,,137,,276,366,,,119,,74,,32,32,-2,-3,-2,-3
213,shuckle,Bug,Rock,Johto,,166,,,,,232,,,14,,,,,227,,170,,,32,32,-2,-3,-2,-3
214,heracross,Bug,Fighting,Johto,,113,168,62,62,,145,,131,,175,,367,,,121,,75,,32,32,-2,-3,-2,-3
215,sneasel,Dark,Ice,Johto,,213,,144,144,,252,,,91,,249,326,,292,,28,202,,32,32,-2,-3,-2,-3
215,sneasel,Fighting,Poison,Johto,,,,,,,,,,,,,,,,,,202,1,32,32,-2,-3,-2,-3
216,teddiursa,Normal,,Johto,,193,,,,,,,,132,,,,,,,,112,,32,32,-2,-3,-2,-3
217,ursaring,Normal,,Johto,,194,,,,,,,,133,,,,,,,,113,,32,32,-2,-3,-2,-3
218,slugma,Fire,,Johto,,211,103,,,,,,,12,108,,,,,,,,,32,32,-2,-3,-2,-3
219,magcargo,Fire,,Johto,,212,104,,,,,,,13,109,,,,,,,,,32,32,-2,-3,-2,-3
220,swinub,Ice,Ground,Johto,,191,,,203,,258,,,76,,,,,75,,7,212,,32,32,-2,-3,-2,-3
221,piloswine,Ice,Ground,Johto,,192,,,204,,259,,,77,,,,,76,,8,213,,32,32,-2,-3,-2,-3
222,corsola,Water,Rock,Johto,,171,180,,,,237,,146,,189,112,135,,236,,,,,32,32,-2,-3,-2,-3
222,corsola,Ghost,,Johto,,,,,,,,,,,,,,,236,,,,1,32,32,-2,-3,-2,-3
223,remoraid,Water,,Johto,,172,,132,132,,235,,144,,,,143,,148,44,,146,,32,32,-2,-3,-2,-3
224,octillery,Water,,Johto,,173,,133,133,,236,,145,,,,144,,149,45,,147,,32,32,-2,-3,-2,-3
225,delibird,Ice,Flying,Johto,,190,,,,,254,,,90,,81,95,,78,,120,,,32,32,-2,-3,-2,-3
226,mantine,Water,Flying,Johto,,197,,141,141,,234,,140,,,,146,,355,47,,165,,32,32,-2,-3,-2,-3
227,skarmory,Steel,Flying,Johto,,198,115,,,,203,,,112,120,208,270,,,153,,,,32,32,-2,-3,-2,-3
228,houndour,Dark,Fire,Johto,,209,,,176,,,,75,,,,289,,,,,,,32,32,-2,-3,-2,-3
229,houndoom,Dark,Fire,Johto,,210,,,177,,,,76,,,,290,,,,,,,32,32,-2,-3,-2,-3
230,kingdra,Water,Dragon,Johto,,188,186,,,,,,41,,195,,,,,200,,,,32,32,-2,-3,-2,-3
231,phanpy,Ground,,Johto,,195,165,,,,,,,,172,,,,,,,,,32,32,-2,-3,-2,-3
232,donphan,Ground,,Johto,,196,166,,,,,,,,173,,,,,,,,,32,32,-2,-3,-2,-3
233,porygon2,Normal,,Johto,,216,,,193,,,,,,,218,282,,,209,,134,,32,32,-2,-3,-2,-3
234,stantler,Normal,,Johto,,129,,,,,,,,,,,,,,,,49,,32,32,-2,-3,-2,-3
235,smeargle,Normal,,Johto,,157,,,,,,124,,,,58,70,,,,,,,32,32,-2,-3,-2,-3
236,tyrogue,Fighting,,Johto,,143,,,,,,,,,,,,,107,,,,,32,32,-2,-3,-2,-3
237,hitmontop,Fighting,,Johto,,146,,,,,,,,,,,,,110,,,,,32,32,-2,-3,-2,-3
238,smoochum,Ice,Psychic,Johto,,152,,,,,,,,83,,,109,,,,13,,,32,32,-2,-3,-2,-3
239,elekid,Electric,,Johto,,154,,,197,,56,,,,,226,295,,,,15,182,,32,32,-2,-3,-2,-3
240,magby,Fire,,Johto,,150,,,200,,53,,,,,166,200,,,,18,174,,32,32,-2,-3,-2,-3
241,miltank,Normal,,Johto,,149,,,,,,,126,,,138,171,,,117,,,,32,32,-2,-3,-2,-3
242,blissey,Normal,,Johto,,218,,98,98,,,,,,,34,41,,,8,,88,,32,32,-2,-3,-2,-3
243,raikou,Electric,,Johto,,238,,,,,,,,,,,,,,,,,,32,32,-2,-3,-2,-3
244,entei,Fire,,Johto,,239,,,,,,,,,,,,,,,,,,32,32,-2,-3,-2,-3
245,suicune,Water,,Johto,,240,,,,,,,,,,,,,,,,,,32,32,-2,-3,-2,-3
246,larvitar,Rock,Ground,Johto,,244,,,,,292,,,102,,,247,,383,,139,,,32,32,-2,-3,-2,-3
247,pupitar,Rock,Ground,Johto,,245,,,,,293,,,103,,,248,,384,,140,,,32,32,-2,-3,-2,-3
248,tyranitar,Rock,Dark,Johto,,246,,,,,294,,,104,,,249,,385,,141,,,32,32,-2,-3,-2,-3
249,lugia,Psychic,Flying,Johto,,247,,,,,,,,,,,,,,,,,,33,32,-3,-3,-2,-3
250,ho-oh,Fire,Flying,Johto,,248,,,,,,,,,,,,,,,,,,32,32,-2,-3,-2,-3
251,celebi,Psychic,Grass,Johto,,251,,,,,,,,,,,,,,,,,,32,32,-2,-3,-2,-3
252,treecko,Grass,,Hoenn,,,1,,,,,,,,1,,,,,,,,,32,32,-2,-3,-2,-3
253,grovyle,Grass,,Hoenn,,,2,,,,,,,,2,,,,,,,,,32,32,-2,-3,-2,-3
254,sceptile,Grass,,Hoenn,,,3,,,,,,,,3,,,,,,,,,32,32,-2,-3,-2,-3
254,sceptile,Grass,Dragon,Hoenn,,,,,,,,,,,3,,,,,,,,1,32,32,-2,-3,-2,-3
255,torchic,Fire,,Hoenn,,,4,,,,,,,,4,,,,,,,,,32,32,-2,-3,-2,-3
256,combusken,Fire,Fighting,Hoenn,,,5,,,,,,,,5,,,,,,,,,32,32,-2,-3,-2,-3
257,blaziken,Fire,Fighting,Hoenn,,,6,,,,,,,,6,,,,,,,,,32,32,-2,-3,-2,-3
258,mudkip,Water,,Hoenn,,,7,,,,,,,,7,,,,,,,,,32,32,-2,-3,-2,-3
259,marshtomp,Water,Ground,Hoenn,,,8,,,,,,,,8,,,,,,,,,32,32,-2,-3,-2,-3
260,swampert,Water,Ground,Hoenn,,,9,,,,,,,,9,,,,,,,,,32,32,-2,-3,-2,-3
261,poochyena,Dark,,Hoenn,,,10,,,,,,,44,10,,,,,,,,,32,32,-2,-3,-2,-3
262,mightyena,Dark,,Hoenn,,,11,,,,,,,45,11,,,,,,,,,32,32,-2,-3,-2,-3
263,zigzagoon,Normal,,Hoenn,,,12,,,,,12,,,12,,,,31,,71,,,32,32,-2,-3,-2,-3
263,zigzagoon,Dark,Normal,Hoenn,,,,,,,,,,,,,,,31,,71,,1,32,32,-2,-3,-2,-3
264,linoone,Normal,,Hoenn,,,13,,,,,13,,,13,,,,32,,72,,,32,32,-2,-3,-2,-3
264,linoone,Dark,Normal,Hoenn,,,,,,,,,,,,,,,32,,72,,1,32,32,-2,-3,-2,-3
265,wurmple,Bug,,Hoenn,,,14,48,48,,,,,,14,,,,,,,18,,32,32,-2,-3,-2,-3
266,silcoon,Bug,,Hoenn,,,15,49,49,,,,,,15,,,,,,,19,,32,32,-2,-3,-2,-3
267,beautifly,Bug,Flying,Hoenn,,,16,50,50,,,,,,16,,,,,,,20,,32,32,-2,-3,-2,-3
268,cascoon,Bug,,Hoenn,,,17,51,51,,,,,,17,,,,,,,21,,32,32,-2,-3,-2,-3
269,dustox,Bug,Poison,Hoenn,,,18,52,52,,,,,,18,,,,,,,22,,32,32,-2,-3,-2,-3
270,lotad,Water,Grass,Hoenn,,,19,,,,,,,55,19,,,,36,,,,,32,32,-2,-3,-2,-3
271,lombre,Water,Grass,Hoenn,,,20,,,,,,,56,20,,,,37,,,,,32,32,-2,-3,-2,-3
272,ludicolo,Water,Grass,Hoenn,,,21,,,,,,,57,21,,,,38,,,,,32,32,-2,-3,-2,-3
273,seedot,Grass,,Hoenn,,,22,,,,,,,,22,,,,39,,,,,32,32,-2,-3,-2,-3
274,nuzleaf,Grass,Dark,Hoenn,,,23,,,,,,,,23,,,,40,,,,,32,32,-2,-3,-2,-3
275,shiftry,Grass,Dark,Hoenn,,,24,,,,,,,,24,,,,41,,,,,32,32,-2,-3,-2,-3
276,taillow,Normal,Flying,Hoenn,,,25,,,,,,19,,25,,,,,,,,,32,32,-2,-3,-2,-3
277,swellow,Normal,Flying,Hoenn,,,26,,,,,,20,,26,,,,,,,,,32,32,-2,-3,-2,-3
278,wingull,Water,Flying,Hoenn,,,27,119,119,,212,,17,,27,40,47,,62,48,,,,32,32,-2,-3,-2,-3
279,pelipper,Water,Flying,Hoenn,,,28,120,120,,213,,18,,28,41,48,,63,49,,,,32,32,-2,-3,-2,-3
280,ralts,Psychic,Fairy,Hoenn,,,29,,157,,,64,,,29,,,,120,34,,101,,32,32,-2,-3,-2,-3
281,kirlia,Psychic,Fairy,Hoenn,,,30,,158,,,65,,,30,,,,121,35,,102,,32,32,-2,-3,-2,-3
282,gardevoir,Psychic,Fairy,Hoenn,,,31,,159,,,66,,,31,,,,122,36,,103,,32,32,-2,-3,-2,-3
283,surskit,Bug,Water,Hoenn,,,32,,,,,47,,,33,139,172,,,,,,,32,32,-2,-3,-2,-3
284,masquerain,Bug,Flying,Hoenn,,,33,,,,,48,,,34,140,173,,,,,,,32,32,-2,-3,-2,-3
285,shroomish,Grass,,Hoenn,,,34,,,,,,,,35,,,,,,,,,32,32,-2,-3,-2,-3
286,breloom,Grass,Fighting,Hoenn,,,35,,,,,,,,36,,,,,,,,,32,32,-2,-3,-2,-3
287,slakoth,Normal,,Hoenn,,,36,,,,276,,,,37,,,,,,,,,32,32,-2,-3,-2,-3
288,vigoroth,Normal,,Hoenn,,,37,,,,277,,,,38,,,,,,,,,32,32,-2,-3,-2,-3
289,slaking,Normal,,Hoenn,,,38,,,,278,,,,39,,,,,,,,,32,32,-2,-3,-2,-3
290,nincada,Bug,Ground,Hoenn,,,42,,,,,111,,,43,,,,104,,,,,32,32,-2,-3,-2,-3
291,ninjask,Bug,Flying,Hoenn,,,43,,,,,112,,,44,,,,105,,,,,32,32,-2,-3,-2,-3
292,shedinja,Bug,Ghost,Hoenn,,,44,,,,,113,,,45,,,,106,,,,,32,32,-2,-3,-2,-3
293,whismur,Normal,,Hoenn,,,45,,,,,140,,,46,,,,,148,,,,32,32,-2,-3,-2,-3
294,loudred,Normal,,Hoenn,,,46,,,,,141,,,47,,,,,149,,,,32,32,-2,-3,-2,-3
295,exploud,Normal,,Hoenn,,,47,,,,,142,,,48,,,,,150,,,,32,32,-2,-3,-2,-3
296,makuhita,Fighting,,Hoenn,,,48,,,,,,95,,49,56,68,,,,,,,32,32,-2,-3,-2,-3
297,hariyama,Fighting,,Hoenn,,,49,,,,,,96,,50,57,69,,,,,,,32,32,-2,-3,-2,-3
298,azurill,Normal,Fairy,Hoenn,,,54,124,124,,30,41,,,55,,,,,139,,,,32,32,-2,-3,-2,-3
299,nosepass,Rock,,Hoenn,,,60,,155,,164,,93,,61,198,254,,,,,190,,32,32,-2,-3,-2,-3
300,skitty,Normal,,Hoenn,,,61,,,,78,78,,,63,,,,,,,,,32,32,-2,-3,-2,-3
301,delcatty,Normal,,Hoenn,,,62,,,,79,79,,,64,,,,,,,,,32,32,-2,-3,-2,-3
302,sableye,Dark,Ghost,Hoenn,,,68,,,,,,123,,70,102,124,,294,,174,,,32,32,-2,-3,-2,-3
303,mawile,Steel,Fairy,Hoenn,,,69,,,,,,63,,71,,125,,295,,175,,,32,32,-2,-3,-2,-3
304,aron,Steel,Rock,Hoenn,,,70,,,,166,,,99,72,,,,,,191,,,32,32,-2,-3,-2,-3
305,lairon,Steel,Rock,Hoenn,,,71,,,,167,,,100,73,,,,,,192,,,32,32,-2,-3,-2,-3
306,aggron,Steel,Rock,Hoenn,,,72,,,,168,,,101,74,,,,,,193,,,32,32,-2,-3,-2,-3
307,meditite,Fighting,Psychic,Hoenn,,,76,86,86,,,143,,,78,,,,,,,,,32,32,-2,-3,-2,-3
308,medicham,Fighting,Psychic,Hoenn,,,77,87,87,,,144,,,79,,,,,,,,,32,32,-2,-3,-2,-3
309,electrike,Electric,,Hoenn,,,78,,,,,,73,,80,,293,,66,,,,,32,32,-2,-3,-2,-3
310,manectric,Electric,,Hoenn,,,79,,,,,,74,,81,,294,,67,,,,,32,32,-2,-3,-2,-3
311,plusle,Electric,,Hoenn,,,80,,,,,96,,,82,,,,,,,,,32,32,-2,-3,-2,-3
312,minun,Electric,,Hoenn,,,81,,,,,97,,,83,,,,,,,,,32,32,-2,-3,-2,-3
313,volbeat,Bug,,Hoenn,,,86,,,,,133,,,89,,,,,,,,,32,32,-2,-3,-2,-3
314,illumise,Bug,,Hoenn,,,87,,,,,134,,,90,,,,,,,,,32,32,-2,-3,-2,-3
315,roselia,Grass,Poison,Hoenn,,,94,26,26,,134,72,,,98,,,,60,,,90,,32,32,-2,-3,-2,-3
316,gulpin,Poison,,Hoenn,,,95,,,,,98,,,100,,,,,,,,,32,32,-2,-3,-2,-3
317,swalot,Poison,,Hoenn,,,96,,,,,99,,,101,,,,,,,,,32,32,-2,-3,-2,-3
318,carvanha,Water,Dark,Hoenn,,,97,,,,,55,,,102,264,345,,,111,,,,32,32,-2,-3,-2,-3
319,sharpedo,Water,Dark,Hoenn,,,98,,,,,56,,,103,265,346,,,112,,,,32,32,-2,-3,-2,-3
320,wailmer,Water,,Hoenn,,,99,,,,240,,27,,104,266,351,,356,190,,,,32,32,-2,-3,-2,-3
321,wailord,Water,,Hoenn,,,100,,,,241,,28,,105,267,352,,357,191,,,,32,32,-2,-3,-2,-3
322,numel,Fire,Ground,Hoenn,,,101,,,,204,,,,106,,,,,,,,,32,32,-2,-3,-2,-3
323,camerupt,Fire,Ground,Hoenn,,,102,,,,205,,,,107,,,,,,,,,32,32,-2,-3,-2,-3
324,torkoal,Fire,,Hoenn,,,105,,,,,,,96,110,223,287,,300,173,,,,32,32,-2,-3,-2,-3
325,spoink,Psychic,,Hoenn,,,110,,,,206,,7,,115,,,,,,,,,32,32,-2,-3,-2,-3
326,grumpig,Psychic,,Hoenn,,,111,,,,207,,8,,116,,,,,,,,,32,32,-2,-3,-2,-3
327,spinda,Normal,,Hoenn,,,114,,,,,,,131,119,105,128,,,,,,,32,32,-2,-3,-2,-3
328,trapinch,Ground,,Hoenn,,,116,,,,121,,,3,121,235,304,,321,,,,,32,32,-2,-3,-2,-3
329,vibrava,Ground,Dragon,Hoenn,,,117,,,,122,,,4,122,236,305,,322,,,,,32,32,-2,-3,-2,-3
330,flygon,Ground,Dragon,Hoenn,,,118,,,,123,,,5,123,237,306,,323,,,,,32,32,-2,-3,-2,-3
331,cacnea,Grass,,Hoenn,,,119,,,,,,,,124,,,,,,,,,32,32,-2,-3,-2,-3
332,cacturne,Grass,Dark,Hoenn,,,120,,,,,,,,125,,,,,,,,,32,32,-2,-3,-2,-3
333,swablu,Normal,Flying,Hoenn,,,121,,171,,246,,,139,126,,,,,,35,,,32,32,-2,-3,-2,-3
334,altaria,Dragon,Flying,Hoenn,,,122,,172,,247,,,140,127,,,,,,36,,,32,32,-2,-3,-2,-3
334,altaria,Dragon,Fairy,Hoenn,,,,,,,,,,,127,,,,,,,,1,32,32,-2,-3,-2,-3
335,zangoose,Normal,,Hoenn,,,123,,,,186,,5,,128,,,,,,,,,32,32,-2,-3,-2,-3
336,seviper,Poison,,Hoenn,,,124,,,,187,,6,,129,,,,,,,,,32,32,-2,-3,-2,-3
337,lunatone,Rock,Psychic,Hoenn,,,125,,,,214,,12,,130,,,,362,,,,,32,32,-2,-3,-2,-3
338,solrock,Rock,Psychic,Hoenn,,,126,,,,215,,13,,131,,,,363,,,,,32,32,-2,-3,-2,-3
339,barboach,Water,Ground,Hoenn,,,127,80,80,,,,,40,132,93,113,,228,137,60,97,,32,32,-2,-3,-2,-3
340,whiscash,Water,Ground,Hoenn,,,128,81,81,,,,,41,133,94,114,,229,138,61,98,,32,32,-2,-3,-2,-3
341,corphish,Water,,Hoenn,,,129,,,,279,51,,,134,,357,,102,91,,,,32,32,-2,-3,-2,-3
342,crawdaunt,Water,Dark,Hoenn,,,130,,,,280,52,,,135,,358,,103,92,,,,32,32,-2,-3,-2,-3
343,baltoy,Ground,Psychic,Hoenn,,,131,,,,169,,,,136,,310,,82,,151,,,32,32,-2,-3,-2,-3
344,claydol,Ground,Psychic,Hoenn,,,132,,,,170,,,,137,,311,,83,,152,,,32,32,-2,-3,-2,-3
345,lileep,Rock,Grass,Hoenn,,,133,,,,,,,,138,,231,,,,183,,,32,32,-2,-3,-2,-3
346,cradily,Rock,Grass,Hoenn,,,134,,,,,,,,139,,232,,,,184,,,32,32,-2,-3,-2,-3
347,anorith,Rock,Bug,Hoenn,,,135,,,,,,,,140,,233,,,,185,,,32,32,-2,-3,-2,-3
348,armaldo,Rock,Bug,Hoenn,,,136,,,,,,,,141,,234,,,,186,,,32,32,-2,-3,-2,-3
349,feebas,Water,,Hoenn,,,140,138,138,,,,,,145,155,189,,152,,188,,,32,32,-2,-3,-2,-3
350,milotic,Water,,Hoenn,,,141,139,139,,,,,,146,156,190,,153,,189,,,32,32,-2,-3,-2,-3
351,castform,Normal,,Hoenn,,,142,,,,163,,,,147,181,220,,,,,,,32,32,-2,-3,-2,-3
351,castform,Fire,,Hoenn,,,142,,,,163,,,,147,181,220,,,,,,1,32,32,-2,-3,-2,-3
351,castform,Water,,Hoenn,,,142,,,,163,,,,147,181,220,,,,,,2,32,32,-2,-3,-2,-3
351,castform,Ice,,Hoenn,,,142,,,,163,,,,147,181,220,,,,,,3,32,32,-2,-3,-2,-3
352,kecleon,Normal,,Hoenn,,,145,,,,,116,,,150,,214,,,,,,,32,32,-2,-3,-2,-3
353,shuppet,Ghost,,Hoenn,,,146,,,,210,,,122,151,,316,,,,,,,32,32,-2,-3,-2,-3
354,banette,Ghost,,Hoenn,,,147,,,,211,,,123,152,,317,,,,,,,32,32,-2,-3,-2,-3
355,duskull,Ghost,,Hoenn,,,148,,189,,,,,,153,,,,135,,,158,,32,32,-2,-3,-2,-3
356,dusclops,Ghost,,Hoenn,,,149,,190,,,,,,154,,,,136,,,159,,32,32,-2,-3,-2,-3
357,tropius,Grass,Flying,Hoenn,,,150,,,,288,,,,156,,354,,,,,,,32,32,-2,-3,-2,-3
358,chimecho,Psychic,,Hoenn,,,151,83,83,,,,112,,158,,,,,,,196,,32,32,-2,-3,-2,-3
359,absol,Dark,,Hoenn,,,152,,209,,216,,9,,159,245,322,,,,107,,,32,32,-2,-3,-2,-3
360,wynaut,Psychic,,Hoenn,,,160,,,,,,118,,167,,,,216,,,,,32,32,-2,-3,-2,-3
361,snorunt,Ice,,Hoenn,,,171,,206,,,,,,179,246,323,,79,,25,205,,32,32,-2,-3,-2,-3
362,glalie,Ice,,Hoenn,,,172,,207,,,,,,180,247,324,,80,,26,206,,32,32,-2,-3,-2,-3
363,spheal,Ice,Water,Hoenn,,,173,,,,243,,,,182,,,,,,159,143,,32,32,-2,-3,-2,-3
364,sealeo,Ice,Water,Hoenn,,,174,,,,244,,,,183,,,,,,160,144,,32,32,-2,-3,-2,-3
365,walrein,Ice,Water,Hoenn,,,175,,,,245,,,,184,,,,,,161,145,,32,32,-2,-3,-2,-3
366,clamperl,Water,,Hoenn,,,176,,,,,,141,,185,,140,,,,,,,32,32,-2,-3,-2,-3
367,huntail,Water,,Hoenn,,,177,,,,,,142,,186,,141,,,,,,,32,32,-2,-3,-2,-3
368,gorebyss,Water,,Hoenn,,,178,,,,,,143,,187,,142,,,,,,,32,32,-2,-3,-2,-3
369,relicanth,Water,Rock,Hoenn,,,179,,,,,,42,,188,262,343,,,,187,,,32,32,-2,-3,-2,-3
370,luvdisc,Water,,Hoenn,,,183,,,,,,29,,192,111,134,,,,,,,32,32,-2,-3,-2,-3
371,bagon,Dragon,,Hoenn,,,187,,,,,,14,,196,117,147,,,,113,,,32,32,-2,-3,-2,-3
372,shelgon,Dragon,,Hoenn,,,188,,,,,,15,,197,118,148,,,,114,,,32,32,-2,-3,-2,-3
373,salamence,Dragon,Flying,Hoenn,,,189,,,,,,16,,198,119,149,,,,115,,,32,32,-2,-3,-2,-3
374,beldum,Steel,Psychic,Hoenn,,,190,,,,262,,,,199,214,278,,,,129,,,32,32,-2,-3,-2,-3
375,metang,Steel,Psychic,Hoenn,,,191,,,,263,,,,200,215,279,,,,130,,,32,32,-2,-3,-2,-3
376,metagross,Steel,Psychic,Hoenn,,,192,,,,264,,,,201,216,280,,,,131,,,32,32,-2,-3,-2,-3
377,regirock,Rock,,Hoenn,,,193,,,,,,,,202,,,,,,197,,,32,32,-2,-3,-2,-3
378,regice,Ice,,Hoenn,,,194,,,,,,,,203,,,,,,198,,,32,32,-2,-3,-2,-3
379,registeel,Steel,,Hoenn,,,195,,,,,,,,204,,,,,,199,,,32,32,-2,-3,-2,-3
380,latias,Dragon,Psychic,Hoenn,,,196,,,,,,,,205,,,,,,,,,32,32,-2,-3,-2,-3
381,latios,Dragon,Psychic,Hoenn,,,197,,,,,,,,206,,,,,,,,,32,32,-2,-3,-2,-3
382,kyogre,Water,,Hoenn,,,198,,,,,,,,207,,,,,,,,,33,32,-3,-3,-2,-3
383,groudon,Ground,,Hoenn,,,199,,,,,,,,208,,,,,,,,,33,32,-3,-3,-2,-3
384,rayquaza,Dragon,Flying,Hoenn,,,200,,,,,,,,209,,,,,,,,,32,32,-2,-3,-2,-3
385,jirachi,Steel,Psychic,Hoenn,,,201,,,,,,,,210,,,,,,,,,32,32,-2,-3,-2,-3
386,deoxys,Psychic,,Hoenn,,,202,,,,,,,,211,,,,,,,,,32,32,-2,-3,-2,-3
387,turtwig,Grass,,Sinnoh,,,,1,1,,,,,,,,,,,,,130,,32,32,-2,-3,-2,-3
388,grotle,Grass,,Sinnoh,,,,2,2,,,,,,,,,,,,,131,,32,32,-2,-3,-2,-3
389,torterra,Grass,Ground,Sinnoh,,,,3,3,,,,,,,,,,,,,132,,32,32,-2,-3,-2,-3
390,chimchar,Fire,,Sinnoh,,,,4,4,,,,,,,,,,,,,61,,32,32,-2,-3,-2,-3
391,monferno,Fire,Fighting,Sinnoh,,,,5,5,,,,,,,,,,,,,62,,32,32,-2,-3,-2,-3
392,infernape,Fire,Fighting,Sinnoh,,,,6,6,,,,,,,,,,,,,63,,32,32,-2,-3,-2,-3
393,piplup,Water,,Sinnoh,,,,7,7,,,,,,,,,,,,,161,,32,32,-2,-3,-2,-3
394,prinplup,Water,,Sinnoh,,,,8,8,,,,,,,,,,,,,162,,32,32,-2,-3,-2,-3
395,empoleon,Water,Steel,Sinnoh,,,,9,9,,,,,,,,,,,,,163,,32,32,-2,-3,-2,-3
396,starly,Normal,Flying,Sinnoh,,,,10,10,,,,99,,,,,,,,,12,,32,32,-2,-3,-2,-3
397,staravia,Normal,Flying,Sinnoh,,,,11,11,,,,100,,,,,,,,,13,,32,32,-2,-3,-2,-3
398,staraptor,Normal,Flying,Sinnoh,,,,12,12,,,,101,,,,,,,,,14,,32,32,-2,-3,-2,-3
399,bidoof,Normal,,Sinnoh,,,,13,13,,,38,,,,,,,,,,10,,32,32,-2,-3,-2,-3
400,bibarel,Normal,Water,Sinnoh,,,,14,14,,,39,,,,,,,,,,11,,32,32,-2,-3,-2,-3
401,kricketot,Bug,,Sinnoh,,,,15,15,,,,,,,,,,,,,39,,32,32,-2,-3,-2,-3
402,kricketune,Bug,,Sinnoh,,,,16,16,,,,,,,,,,,,,40,,32,32,-2,-3,-2,-3
403,shinx,Electric,,Sinnoh,,,,17,17,,,,,,,,,,,25,,15,,32,32,-2,-3,-2,-3
404,luxio,Electric,,Sinnoh,,,,18,18,,,,,,,,,,,26,,16,,32,32,-2,-3,-2,-3
405,luxray,Electric,,Sinnoh,,,,19,19,,,,,,,,,,,27,,17,,32,32,-2,-3,-2,-3
406,budew,Grass,Poison,Sinnoh,,,,25,25,,133,71,,,97,,,,59,,,89,,32,32,-2,-3,-2,-3
407,roserade,Grass,Poison,Sinnoh,,,,27,27,,135,73,,,99,,,,61,,,91,,32,32,-2,-3,-2,-3
408,cranidos,Rock,,Sinnoh,,,,36,36,,,,,,,188,235,,,,,208,,32,32,-2,-3,-2,-3
409,rampardos,Rock,,Sinnoh,,,,37,37,,,,,,,189,236,,,,,209,,32,32,-2,-3,-2,-3
410,shieldon,Rock,Steel,Sinnoh,,,,38,38,,,,,,,190,237,,,,,210,,32,32,-2,-3,-2,-3
411,bastiodon,Rock,Steel,Sinnoh,,,,39,39,,,,,,,191,238,,,,,211,,32,32,-2,-3,-2,-3
412,burmy,Bug,,Sinnoh,,,,45,45,,,44,,,,,,,,,,43,,32,32,-2,-3,-2,-3
413,wormadam,Bug,Grass,Sinnoh,,,,46,46,,,45,,,,,,,,,,44,,32,32,-2,-3,-2,-3
413,wormadam,Bug,Ground,Sinnoh,,,,46,46,,,45,,,,,,,,,,44,1,32,32,-2,-3,-2,-3
413,wormadam,Bug,Steel,Sinnoh,,,,46,46,,,45,,,,,,,,,,44,2,32,32,-2,-3,-2,-3
414,mothim,Bug,Flying,Sinnoh,,,,47,47,,,46,,,,,,,,,,45,,32,32,-2,-3,-2,-3
415,combee,Bug,Flying,Sinnoh,,,,53,53,,142,76,,,,,,,116,203,,70,,32,32,-2,-3,-2,-3
416,vespiquen,Bug,Flying,Sinnoh,,,,54,54,,143,77,,,,,,,117,204,,71,,32,32,-2,-3,-2,-3
417,pachirisu,Electric,,Sinnoh,,,,55,55,,,,132,,,,,,,,,109,,32,32,-2,-3,-2,-3
418,buizel,Water,,Sinnoh,,,,56,56,,149,,,58,,,,,,,,41,,32,32,-2,-3,-2,-3
419,floatzel,Water,,Sinnoh,,,,57,57,,150,,,59,,,,,,,,42,,32,32,-2,-3,-2,-3
420,cherubi,Grass,,Sinnoh,,,,58,58,,,,,,,,,,128,,,66,,32,32,-2,-3,-2,-3
421,cherrim,Grass,,Sinnoh,,,,59,59,,,,,,,,,,129,,,67,,32,32,-2,-3,-2,-3
422,shellos,Water,,Sinnoh,,,,60,60,,,,,,,260,341,,230,,,82,,32,32,-2,-3,-2,-3
423,gastrodon,Water,Ground,Sinnoh,,,,61,61,,,,,,,261,342,,231,,,83,,32,32,-2,-3,-2,-3
424,ambipom,Normal,,Sinnoh,,,,64,64,,,,,,,,369,,,,,79,,32,32,-2,-3,-2,-3
425,drifloon,Ghost,Flying,Sinnoh,,,,65,65,,208,,1,,,64,76,,124,135,,37,,32,32,-2,-3,-2,-3
426,drifblim,Ghost,Flying,Sinnoh,,,,66,66,,209,,2,,,65,77,,125,136,,38,,32,32,-2,-3,-2,-3
427,buneary,Normal,,Sinnoh,,,,67,67,,80,,,,,,24,,,4,,64,,32,32,-2,-3,-2,-3
428,lopunny,Normal,,Sinnoh,,,,68,68,,81,,,,,,25,,,5,,65,,32,32,-2,-3,-2,-3
428,lopunny,Normal,Fighting,Sinnoh,,,,,,,,,,,,,25,,,,,65,1,32,32,-2,-3,-2,-3
429,mismagius,Ghost,,Sinnoh,,,,73,73,,,,,,,67,373,,,,,198,,32,32,-2,-3,-2,-3
430,honchkrow,Dark,Flying,Sinnoh,,,,75,75,,,,,52,,278,79,,,,,141,,32,32,-2,-3,-2,-3
431,glameow,Normal,,Sinnoh,,,,76,76,,,,,,,,,,,,,152,,32,32,-2,-3,-2,-3
432,purugly,Normal,,Sinnoh,,,,77,77,,,,,,,,,,,,,153,,32,32,-2,-3,-2,-3
433,chingling,Psychic,,Sinnoh,,,,82,82,,,,111,,157,,,,,,,195,,32,32,-2,-3,-2,-3
434,stunky,Poison,Dark,Sinnoh,,,,84,84,,,,102,,,,,,130,,,110,,32,32,-2,-3,-2,-3
435,skuntank,Poison,Dark,Sinnoh,,,,85,85,,,,103,,,,,,131,,,111,,32,32,-2,-3,-2,-3
436,bronzor,Steel,Psychic,Sinnoh,,,,88,88,,250,,,,,,,,118,,87,180,,32,32,-2,-3,-2,-3
437,bronzong,Steel,Psychic,Sinnoh,,,,89,89,,251,,,,,,,,119,,88,181,,32,32,-2,-3,-2,-3
438,bonsly,Rock,,Sinnoh,,,,92,92,,,,,129,,30,37,,252,,,123,,32,32,-2,-3,-2,-3
439,mimejr,Psychic,Fairy,Sinnoh,,,,94,94,,,,113,,,,59,,364,,10,76,,32,32,-2,-3,-2,-3
440,happiny,Normal,,Sinnoh,,,,96,96,,,,,,,32,39,,,6,,86,,32,32,-2,-3,-2,-3
441,chatot,Normal,Flying,Sinnoh,,,,102,102,,,,138,,,,,,,,,157,,32,32,-2,-3,-2,-3
442,spiritomb,Ghost,Dark,Sinnoh,,,,108,108,,,,,,,,,,,,47,139,,32,32,-2,-3,-2,-3
443,gible,Dragon,Ground,Sinnoh,,,,109,109,,,,,6,,238,307,,,,116,187,,32,32,-2,-3,-2,-3
444,gabite,Dragon,Ground,Sinnoh,,,,110,110,,,,,7,,239,308,,,,117,188,,32,32,-2,-3,-2,-3
445,garchomp,Dragon,Ground,Sinnoh,,,,111,111,,,,,8,,240,309,,,,118,189,,32,32,-2,-3,-2,-3
446,munchlax,Normal,,Sinnoh,,,,112,112,,,138,,,,35,42,,260,,172,51,,32,32,-2,-3,-2,-3
447,riolu,Fighting,,Sinnoh,,,,115,115,,33,62,,,,279,377,,298,,134,223,,32,32,-2,-3,-2,-3
448,lucario,Fighting,Steel,Sinnoh,,,,116,116,,34,63,,,,280,378,,299,,135,224,,32,32,-2,-3,-2,-3
449,hippopotas,Ground,,Sinnoh,,,,122,122,,,,48,,,,,,314,,,107,,32,32,-2,-3,-2,-3
450,hippowdon,Ground,,Sinnoh,,,,123,123,,,,49,,,,,,315,,,108,,32,32,-2,-3,-2,-3
451,skorupi,Poison,Bug,Sinnoh,,,,127,127,,201,,,15,,,,,285,50,,148,,32,32,-2,-3,-2,-3
452,drapion,Poison,Dark,Sinnoh,,,,128,128,,202,,,16,,,,,286,51,,149,,32,32,-2,-3,-2,-3
453,croagunk,Poison,Fighting,Sinnoh,,,,129,129,,290,125,,,,,,,222,82,,99,,32,32,-2,-3,-2,-3
454,toxicroak,Poison,Fighting,Sinnoh,,,,130,130,,291,126,,,,,,,223,83,,100,,32,32,-2,-3,-2,-3
455,carnivine,Grass,,Sinnoh,,,,131,131,,289,,,29,,,,,,,,92,,32,32,-2,-3,-2,-3
456,finneon,Water,,Sinnoh,,,,134,134,,,,,,,108,131,,,,,172,,32,32,-2,-3,-2,-3
457,lumineon,Water,,Sinnoh,,,,135,135,,,,,,,109,132,,,,,173,,32,32,-2,-3,-2,-3
458,mantyke,Water,Flying,Sinnoh,,,,140,140,,233,,139,,,,145,,354,46,,164,,32,32,-2,-3,-2,-3
459,snover,Grass,Ice,Sinnoh,,,,142,142,,,,,88,,,,,96,,31,217,,32,32,-2,-3,-2,-3
460,abomasnow,Grass,Ice,Sinnoh,,,,143,143,,,,,89,,,,,97,,32,218,,32,32,-2,-3,-2,-3
461,weavile,Dark,Ice,Sinnoh,,,,145,145,,253,,,92,,250,327,,293,,29,204,,32,32,-2,-3,-2,-3
462,magnezone,Electric,Steel,Sinnoh,,,,,180,,50,,,71,86,49,56,,,107,,179,,32,32,-2,-3,-2,-3
463,lickilicky,Normal,,Sinnoh,,,,,162,,285,,,135,,,376,,,55,,126,,32,32,-2,-3,-2,-3
464,rhyperior,Ground,Rock,Sinnoh,,,,,188,,,,52,,178,,,,266,185,,122,,32,32,-2,-3,-2,-3
465,tangrowth,Grass,,Sinnoh,,,,,182,,218,,,,,,,,,81,,96,,32,32,-2,-3,-2,-3
466,electivire,Electric,,Sinnoh,,,,,199,,58,,,,,228,297,,,,17,184,,32,32,-2,-3,-2,-3
467,magmortar,Fire,,Sinnoh,,,,,202,,55,,,,,168,202,,,,20,176,,32,32,-2,-3,-2,-3
468,togekiss,Fairy,Flying,Sinnoh,,,,,175,,,,,,,,,,259,,,129,,32,32,-2,-3,-2,-3
469,yanmega,Bug,Flying,Sinnoh,,,,,185,,287,,88,,,,,,,,,106,,32,32,-2,-3,-2,-3
470,leafeon,Grass,,Sinnoh,,,,,169,,97,,83,,,129,159,,202,,81,31,,32,32,-2,-3,-2,-3
471,glaceon,Ice,,Sinnoh,,,,,170,,98,,84,,,130,160,,203,,80,32,,32,32,-2,-3,-2,-3
472,gliscor,Ground,Flying,Sinnoh,,,,,154,,222,,,,,,,,,,,186,,32,32,-2,-3,-2,-3
473,mamoswine,Ice,Ground,Sinnoh,,,,,205,,260,,,78,,,,,77,,9,214,,32,32,-2,-3,-2,-3
474,porygonz,Normal,,Sinnoh,,,,,194,,,,,,,219,283,,,210,,135,,32,32,-2,-3,-2,-3
475,gallade,Psychic,Fighting,Sinnoh,,,,,160,,,67,,,32,,,,123,37,,104,,32,32,-2,-3,-2,-3
476,probopass,Rock,Steel,Sinnoh,,,,,156,,165,,94,,62,199,255,,,,,191,,32,32,-2,-3,-2,-3
477,dusknoir,Ghost,,Sinnoh,,,,,191,,,,,,155,,,,137,,,160,,32,32,-2,-3,-2,-3
478,froslass,Ice,Ghost,Sinnoh,,,,,208,,,,,,181,248,325,,81,,27,207,,32,32,-2,-3,-2,-3
479,rotom,Electric,Ghost,Sinnoh,,,,,152,,,,,68,,,,,372,,,194,,32,32,-2,-3,-2,-3
479,rotom,Electric,Fire,Sinnoh,,,,,152,,,,,68,,,,,372,,,194,1,32,32,-2,-3,-2,-3
479,rotom,Electric,Water,Sinnoh,,,,,152,,,,,68,,,,,372,,,194,2,32,32,-2,-3,-2,-3
479,rotom,Electric,Ice,Sinnoh,,,,,152,,,,,68,,,,,372,,,194,3,32,32,-2,-3,-2,-3
479,rotom,Electric,Flying,Sinnoh,,,,,152,,,,,68,,,,,372,,,194,4,32,32,-2,-3,-2,-3
479,rotom,Electric,Grass,Sinnoh,,,,,152,,,,,68,,,,,372,,,194,5,32,32,-2,-3,-2,-3
480,uxie,Psychic,,Sinnoh,,,,146,146,,,,,,,,,,,,,225,,32,32,-2,-3,-2,-3
481,mesprit,Psychic,,Sinnoh,,,,147,147,,,,,,,,,,,,,226,,32,32,-2,-3,-2,-3
482,azelf,Psychic,,Sinnoh,,,,148,148,,,,,,,,,,,,,227,,32,32,-2,-3,-2,-3
483,dialga,Steel,Dragon,Sinnoh,,,,149,149,,,,,,,,,,,,,235,,32,32,-2,-3,-2,-3
484,palkia,Water,Dragon,Sinnoh,,,,150,150,,,,,,,,,,,,,236,,32,32,-2,-3,-2,-3
485,heatran,Fire,Steel,Sinnoh,,,,,,,,,,,,,,,,,,228,,34,32,-4,-3,-2,-3
486,regigigas,Normal,,Sinnoh,,,,,,,,,,,,,,,,,,229,,32,32,-2,-3,-2,-3
487,giratina,Ghost,Dragon,Sinnoh,,,,,210,,,,,,,,,,,,,237,,32,32,-2,-3,-2,-3
488,cresselia,Psychic,,Sinnoh,,,,,,,,,,,,,,,,,,230,,32,32,-2,-3,-2,-3
489,phione,Water,,Sinnoh,,,,,,,,,,,,,,,,,,239,,32,32,-2,-3,-2,-3
490,manaphy,Water,,Sinnoh,,,,151,151,,,,,,,,,,,,,240,,32,32,-2,-3,-2,-3
491,darkrai,Dark,,Sinnoh,,,,,,,,,,,,,,,,,,242,,32,32,-2,-3,-2,-3
492,shaymin,Grass,,Sinnoh,,,,,,,,,,,,,,,,,,241,,32,32,-2,-3,-2,-3
492,shaymin,Grass,Flying,Sinnoh,,,,,,,,,,,,,,,,,,241,1,32,32,-2,-3,-2,-3
493,arceus,Normal,,Sinnoh,,,,,,,,,,,,,,,,,,238,,32,32,-2,-3,-2,-3
493,arceus,Fighting,,Sinnoh,,,,,,,,,,,,,,,,,,238,1,32,32,-2,-3,-2,-3
493,arceus,Flying,,Sinnoh,,,,,,,,,,,,,,,,,,238,2,32,32,-2,-3,-2,-3
493,arceus,Poison,,Sinnoh,,,,,,,,,,,,,,,,,,238,3,32,32,-2,-3,-2,-3
493,arceus,Ground,,Sinnoh,,,,,,,,,,,,,,,,,,238,4,32,32,-2,-3,-2,-3
493,arceus,Rock,,Sinnoh,,,,,,,,,,,,,,,,,,238,5,32,32,-2,-3,-2,-3
493,arceus,Bug,,Sinnoh,,,,,,,,,,,,,,,,,,238,6,32,32,-2,-3,-2,-3
493,arceus,Ghost,,Sinnoh,,,,,,,,,,,,,,,,,,238,7,32,32,-2,-3,-2,-3
493,arceus,Steel,,Sinnoh,,,,,,,,,,,,,,,,,,238,8,32,32,-2,-3,-2,-3
493,arceus,Fire,,Sinnoh,,,,,,,,,,,,,,,,,,238,9,32,32,-2,-3,-2,-3
493,arceus,Water,,Sinnoh,,,,,,,,,,,,,,,,,,238,10,32,32,-2,-3,-2,-3
493,arceus,Grass,,Sinnoh,,,,,,,,,,,,,,,,,,238,11,32,32,-2,-3,-2,-3
493,arceus,Electric,,Sinnoh,,,,,,,,,,,,,,,,,,238,12,32,32,-2,-3,-2,-3
493,arceus,Psychic,,Sinnoh,,,,,,,,,,,,,,,,,,238,13,32,32,-2,-3,-2,-3
493,arceus,Ice,,Sinnoh,,,,,,,,,,,,,,,,,,238,14,32,32,-2,-3,-2,-3
493,arceus,Dragon,,Sinnoh,,,,,,,,,,,,,,,,,,238,15,32,32,-2,-3,-2,-3
493,arceus,Dark,,Sinnoh,,,,,,,,,,,,,,,,,,238,16,32,32,-2,-3,-2,-3
493,arceus,Fairy,,Sinnoh,,,,,,,,,,,,,,,,,,238,17,32,32,-2,-3,-2,-3
494,victini,Psychic,Fire,Unova,,,,,,0,0,,,,,,,,,,,,,32,32,-2,-3,-2,-3
495,snivy,Grass,,Unova,,,,,,1,1,,,,,,,,,,,,,32,32,-2,-3,-2,-3
496,servine,Grass,,Unova,,,,,,2,2,,,,,,,,,,,,,32,32,-2,-3,-2,-3
497,serperior,Grass,,Unova,,,,,,3,3,,,,,,,,,,,,,32,32,-2,-3,-2,-3
498,tepig,Fire,,Unova,,,,,,4,4,,,,,,,,,,,,,32,32,-2,-3,-2,-3
499,pignite,Fire,Fighting,Unova,,,,,,5,5,,,,,,,,,,,,,32,32,-2,-3,-2,-3
500,emboar,Fire,Fighting,Unova,,,,,,6,6,,,,,,,,,,,,,32,32,-2,-3,-2,-3
501,oshawott,Water,,Unova,,,,,,7,7,,,,,,,,,,,7,,32,32,-2,-3,-2,-3
502,dewott,Water,,Unova,,,,,,8,8,,,,,,,,,,,8,,32,32,-2,-3,-2,-3
503,samurott,Water,,Unova,,,,,,9,9,,,,,,,,,,,,,32,32,-2,-3,-2,-3
503,samurott,Water,Dark,Unova,,,,,,,,,,,,,,,,,,9,1,32,32,-2,-3,-2,-3
504,patrat,Normal,,Unova,,,,,,10,10,,,46,,,,,,,,,,32,32,-2,-3,-2,-3
505,watchog,Normal,,Unova,,,,,,11,11,,,47,,,,,,,,,,32,32,-2,-3,-2,-3
506,lillipup,Normal,,Unova,,,,,,12,22,,,,,120,150,,,113,,,,32,32,-2,-3,-2,-3
507,herdier,Normal,,Unova,,,,,,13,23,,,,,121,151,,,114,,,,32,32,-2,-3,-2,-3
508,stoutland,Normal,,Unova,,,,,,14,24,,,,,122,152,,,115,,,,32,32,-2,-3,-2,-3
509,purrloin,Dark,,Unova,,,,,,15,12,,,42,,,,,44,,,,,32,32,-2,-3,-2,-3
510,liepard,Dark,,Unova,,,,,,16,13,,,43,,,,,45,,,,,32,32,-2,-3,-2,-3
511,pansage,Grass,,Unova,,,,,,17,37,29,,,,,,,,,,,,32,32,-2,-3,-2,-3
512,simisage,Grass,,Unova,,,,,,18,38,30,,,,,,,,,,,,32,32,-2,-3,-2,-3
513,pansear,Fire,,Unova,,,,,,19,39,31,,,,,,,,,,,,32,32,-2,-3,-2,-3
514,simisear,Fire,,Unova,,,,,,20,40,32,,,,,,,,,,,,32,32,-2,-3,-2,-3
515,panpour,Water,,Unova,,,,,,21,41,33,,,,,,,,,,,,32,32,-2,-3,-2,-3
516,simipour,Water,,Unova,,,,,,22,42,34,,,,,,,,,,,,32,32,-2,-3,-2,-3
517,munna,Psychic,,Unova,,,,,,23,86,,,,,,,,90,,,,,32,32,-2,-3,-2,-3
518,musharna,Psychic,,Unova,,,,,,24,87,,,,,,,,91,,,,,32,32,-2,-3,-2,-3
519,pidove,Normal,Flying,Unova,,,,,,25,14,,,,,,,,26,,,,,32,32,-2,-3,-2,-3
520,tranquill,Normal,Flying,Unova,,,,,,26,15,,,,,,,,27,,,,,32,32,-2,-3,-2,-3
521,unfezant,Normal,Flying,Unova,,,,,,27,16,,,,,,,,28,,,,,32,32,-2,-3,-2,-3
522,blitzle,Electric,,Unova,,,,,,28,147,,,,,,,,,,,,,32,32,-2,-3,-2,-3
523,zebstrika,Electric,,Unova,,,,,,29,148,,,,,,,,,,,,,32,32,-2,-3,-2,-3
524,roggenrola,Rock,,Unova,,,,,,30,68,,120,,,98,120,,168,154,,,,32,32,-2,-3,-2,-3
525,boldore,Rock,,Unova,,,,,,31,69,,121,,,99,121,,169,155,,,,32,32,-2,-3,-2,-3
526,gigalith,Rock,,Unova,,,,,,32,70,,122,,,100,122,,170,156,,,,32,32,-2,-3,-2,-3
527,woobat,Psychic,Flying,Unova,,,,,,33,66,,55,,,,,,174,151,,,,32,32,-2,-3,-2,-3
528,swoobat,Psychic,Flying,Unova,,,,,,34,67,,56,,,,,,175,152,,,,32,32,-2,-3,-2,-3
529,drilbur,Ground,,Unova,,,,,,35,76,,,,,,,,166,,,,,32,32,-2,-3,-2,-3
530,excadrill,Ground,Steel,Unova,,,,,,36,77,,,,,,,,167,,,,,32,32,-2,-3,-2,-3
531,audino,Normal,,Unova,,,,,,37,36,123,,,,,,,,,21,,,32,32,-2,-3,-2,-3
531,audino,Normal,Fairy,Unova,,,,,,,,,,,,,,,,,,,1,32,32,-2,-3,-2,-3
532,timburr,Fighting,,Unova,,,,,,38,73,,,93,,,,,171,,57,,,32,32,-2,-3,-2,-3
533,gurdurr,Fighting,,Unova,,,,,,39,74,,,94,,,,,172,,58,,,32,32,-2,-3,-2,-3
534,conkeldurr,Fighting,,Unova,,,,,,40,75,,,95,,,,,173,,59,,,32,32,-2,-3,-2,-3
535,tympole,Water,,Unova,,,,,,41,228,,,,,,,,132,,,,,32,32,-2,-3,-2,-3
536,palpitoad,Water,Ground,Unova,,,,,,42,229,,,,,,,,133,,,,,32,32,-2,-3,-2,-3
537,seismitoad,Water,Ground,Unova,,,,,,43,230,,,,,,,,134,,,,,32,32,-2,-3,-2,-3
538,throh,Fighting,,Unova,,,,,,44,267,,97,,,,,,248,,,,,32,32,-2,-3,-2,-3
539,sawk,Fighting,,Unova,,,,,,45,268,,98,,,,,,249,,,,,32,32,-2,-3,-2,-3
540,sewaddle,Bug,Grass,Unova,,,,,,46,17,,,,,,,,,,,,,32,32,-2,-3,-2,-3
541,swadloon,Bug,Grass,Unova,,,,,,47,18,,,,,,,,,,,,,32,32,-2,-3,-2,-3
542,leavanny,Bug,Grass,Unova,,,,,,48,19,,,,,,,,,,,,,32,32,-2,-3,-2,-3
543,venipede,Bug,Poison,Unova,,,,,,49,43,120,,,,,,,,74,,,,32,32,-2,-3,-2,-3
544,whirlipede,Bug,Poison,Unova,,,,,,50,44,121,,,,,,,,75,,,,32,32,-2,-3,-2,-3
545,scolipede,Bug,Poison,Unova,,,,,,51,45,122,,,,,,,,76,,,,32,32,-2,-3,-2,-3
546,cottonee,Grass,Fairy,Unova,,,,,,52,82,,,,,87,105,,262,,168,,,32,32,-2,-3,-2,-3
547,whimsicott,Grass,Fairy,Unova,,,,,,53,83,,,,,88,106,,263,,169,,,32,32,-2,-3,-2,-3
548,petilil,Grass,,Unova,,,,,,54,84,,,,,85,103,,,201,,93,,32,32,-2,-3,-2,-3
549,lilligant,Grass,,Unova,,,,,,55,85,,,,,86,104,,,202,,,,32,32,-2,-3,-2,-3
549,lilligant,Grass,Fighting,Unova,,,,,,,,,,,,,,,,,,94,1,32,32,-2,-3,-2,-3
550,basculin,Water,,Unova,,,,,,56,104,,,60,,,188,,154,,64,166,,32,32,-2,-3,-2,-3
551,sandile,Ground,Dark,Unova,,,,,,57,99,,43,,,232,301,,,176,,,,32,32,-2,-3,-2,-3
552,krokorok,Ground,Dark,Unova,,,,,,58,100,,44,,,233,302,,,177,,,,32,32,-2,-3,-2,-3
553,krookodile,Ground,Dark,Unova,,,,,,59,101,,45,,,234,303,,,178,,,,32,32,-2,-3,-2,-3
554,darumaka,Fire,,Unova,,,,,,60,102,,,,,,,,367,,103,,,32,32,-2,-3,-2,-3
554,darumaka,Ice,,Unova,,,,,,,,,,,,,,,367,,103,,1,32,32,-2,-3,-2,-3
555,darmanitan,Fire,,Unova,,,,,,61,103,,,,,,,,368,,104,,,32,32,-2,-3,-2,-3
555,darmanitan,Fire,Psychic,Unova,,,,,,61,103,,,,,,,,368,,104,,1,32,32,-2,-3,-2,-3
555,darmanitan,Ice,,Unova,,,,,,,,,,,,,,,368,,104,,2,32,32,-2,-3,-2,-3
555,darmanitan,Ice,Fire,Unova,,,,,,,,,,,,,,,368,,104,,3,32,32,-2,-3,-2,-3
556,maractus,Grass,,Unova,,,,,,62,119,,,,,,,,296,,,,,32,32,-2,-3,-2,-3
557,dwebble,Bug,Rock,Unova,,,,,,63,115,,23,,,,,,86,122,,,,32,32,-2,-3,-2,-3
558,crustle,Bug,Rock,Unova,,,,,,64,116,,24,,,,,,87,123,,,,32,32,-2,-3,-2,-3
559,scraggy,Dark,Fighting,Unova,,,,,,65,117,100,,,,,335,,224,161,,,,32,32,-2,-3,-2,-3
560,scrafty,Dark,Fighting,Unova,,,,,,66,118,101,,,,,336,,225,162,,,,32,32,-2,-3,-2,-3
561,sigilyph,Psychic,Flying,Unova,,,,,,67,120,,90,,,,,,297,,,,,32,32,-2,-3,-2,-3
562,yamask,Ghost,,Unova,,,,,,68,124,,,,,,,,327,,,,,32,32,-2,-3,-2,-3
562,yamask,Ground,Ghost,Unova,,,,,,,,,,,,,,,327,,,,1,32,32,-2,-3,-2,-3
563,cofagrigus,Ghost,,Unova,,,,,,69,125,,,,,,,,329,,,,,32,32,-2,-3,-2,-3
564,tirtouga,Water,Rock,Unova,,,,,,70,126,,,,,194,241,,,,147,,,32,32,-2,-3,-2,-3
565,carracosta,Water,Rock,Unova,,,,,,71,127,,,,,195,242,,,,148,,,32,32,-2,-3,-2,-3
566,archen,Rock,Flying,Unova,,,,,,72,128,,,,,192,239,,,,149,,,32,32,-2,-3,-2,-3
567,archeops,Rock,Flying,Unova,,,,,,73,129,,,,,193,240,,,,150,,,32,32,-2,-3,-2,-3
568,trubbish,Poison,,Unova,,,,,,74,105,,,74,,206,264,,157,,,,,32,32,-2,-3,-2,-3
569,garbodor,Poison,,Unova,,,,,,75,106,,,75,,207,265,,158,,,,,32,32,-2,-3,-2,-3
570,zorua,Dark,,Unova,,,,,,76,151,,,124,,,28,,,87,,,,32,32,-2,-3,-2,-3
570,zorua,Normal,Ghost,Unova,,,,,,,,,,,,,,,,,,219,1,32,32,-2,-3,-2,-3
571,zoroark,Dark,,Unova,,,,,,77,152,,,125,,,29,,,88,,,,32,32,-2,-3,-2,-3
571,zoroark,Normal,Ghost,Unova,,,,,,,,,,,,,,,,,,220,1,32,32,-2,-3,-2,-3
572,minccino,Normal,,Unova,,,,,,78,107,,,,,,266,,50,,,,,32,32,-2,-3,-2,-3
573,cinccino,Normal,,Unova,,,,,,79,108,,,,,,267,,51,,,,,32,32,-2,-3,-2,-3
574,gothita,Psychic,,Unova,,,,,,80,136,,,126,,,,,267,,51,,,32,32,-2,-3,-2,-3
575,gothorita,Psychic,,Unova,,,,,,81,137,,,127,,,,,268,,52,,,32,32,-2,-3,-2,-3
576,gothitelle,Psychic,,Unova,,,,,,82,138,,,128,,,,,269,,53,,,32,32,-2,-3,-2,-3
577,solosis,Psychic,,Unova,,,,,,83,139,,115,,,,,,270,,54,,,32,32,-2,-3,-2,-3
578,duosion,Psychic,,Unova,,,,,,84,140,,116,,,,,,271,,55,,,32,32,-2,-3,-2,-3
579,reuniclus,Psychic,,Unova,,,,,,85,141,,117,,,,,,272,,56,,,32,32,-2,-3,-2,-3
580,ducklett,Water,Flying,Unova,,,,,,86,153,127,,,,,,,,,,,,32,32,-2,-3,-2,-3
581,swanna,Water,Flying,Unova,,,,,,87,154,128,,,,,,,,,,,,32,32,-2,-3,-2,-3
582,vanillite,Ice,,Unova,,,,,,88,255,,,85,,255,332,,72,,22,,,32,32,-2,-3,-2,-3
583,vanillish,Ice,,Unova,,,,,,89,256,,,86,,256,333,,73,,23,,,32,32,-2,-3,-2,-3
584,vanilluxe,Ice,,Unova,,,,,,90,257,,,87,,257,334,,74,,24,,,32,32,-2,-3,-2,-3
585,deerling,Normal,Grass,Unova,,,,,,91,159,,,,,,,,,,,,,32,32,-2,-3,-2,-3
586,sawsbuck,Normal,Grass,Unova,,,,,,92,160,,,,,,,,,,,,,32,32,-2,-3,-2,-3
587,emolga,Electric,Flying,Unova,,,,,,93,144,,86,,,274,364,,,102,,,,32,32,-2,-3,-2,-3
588,karrablast,Bug,,Unova,,,,,,94,155,,,22,,,,,273,66,95,,,32,32,-2,-3,-2,-3
589,escavalier,Bug,Steel,Unova,,,,,,95,156,,,23,,,,,274,67,96,,,32,32,-2,-3,-2,-3
590,foongus,Grass,Poison,Unova,,,,,,96,161,,,53,,,,,,77,,,,32,32,-2,-3,-2,-3
591,amoonguss,Grass,Poison,Unova,,,,,,97,162,,,54,,,,,,78,,,,32,32,-2,-3,-2,-3
592,frillish,Water,Ghost,Unova,,,,,,98,180,,,,,,318,,305,192,,,,32,32,-2,-3,-2,-3
593,jellicent,Water,Ghost,Unova,,,,,,99,181,,,,,,319,,306,193,,,,32,32,-2,-3,-2,-3
594,alomomola,Water,,Unova,,,,,,100,182,,149,,,157,191,,,,,,,32,32,-2,-3,-2,-3
595,joltik,Bug,Electric,Unova,,,,,,101,173,,,,,,,,64,,93,,,32,32,-2,-3,-2,-3
596,galvantula,Bug,Electric,Unova,,,,,,102,174,,,,,,,,65,,94,,,32,32,-2,-3,-2,-3
597,ferroseed,Grass,Steel,Unova,,,,,,103,175,,69,,,,,,189,,179,,,32,32,-2,-3,-2,-3
598,ferrothorn,Grass,Steel,Unova,,,,,,104,176,,70,,,,,,190,,180,,,32,32,-2,-3,-2,-3
599,klink,Steel,,Unova,,,,,,105,130,,,,,,,,113,,,,,32,32,-2,-3,-2,-3
600,klang,Steel,,Unova,,,,,,106,131,,,,,,,,114,,,,,32,32,-2,-3,-2,-3
601,klinklang,Steel,,Unova,,,,,,107,132,,,,,,,,115,,,,,32,32,-2,-3,-2,-3
602,tynamo,Electric,,Unova,,,,,,108,177,,,,,,,,,,,,,32,32,-2,-3,-2,-3
603,eelektrik,Electric,,Unova,,,,,,109,178,,,,,,,,,,,,,32,32,-2,-3,-2,-3
604,eelektross,Electric,,Unova,,,,,,110,179,,,,,,,,,,,,,32,32,-2,-3,-2,-3
605,elgyem,Psychic,,Unova,,,,,,111,188,,,,,,275,,277,,,,,32,32,-2,-3,-2,-3
606,beheeyem,Psychic,,Unova,,,,,,112,189,,,,,,276,,278,,,,,32,32,-2,-3,-2,-3
607,litwick,Ghost,Fire,Unova,,,,,,113,190,,,65,,,,,287,,48,,,32,32,-2,-3,-2,-3
608,lampent,Ghost,Fire,Unova,,,,,,114,191,,,66,,,,,288,,49,,,32,32,-2,-3,-2,-3
609,chandelure,Ghost,Fire,Unova,,,,,,115,192,,,67,,,,,289,,50,,,32,32,-2,-3,-2,-3
610,axew,Dragon,,Unova,,,,,,116,183,148,,,,,,,324,,,,,32,32,-2,-3,-2,-3
611,fraxure,Dragon,,Unova,,,,,,117,184,149,,,,,,,325,,,,,32,32,-2,-3,-2,-3
612,haxorus,Dragon,,Unova,,,,,,118,185,150,,,,,,,326,,,,,32,32,-2,-3,-2,-3
613,cubchoo,Ice,,Unova,,,,,,119,195,,,81,,,,,279,,121,,,32,32,-2,-3,-2,-3
614,beartic,Ice,,Unova,,,,,,120,196,,,82,,,,,280,,122,,,32,32,-2,-3,-2,-3
615,cryogonal,Ice,,Unova,,,,,,121,197,,,111,,,,,,,30,,,32,32,-2,-3,-2,-3
616,shelmet,Bug,,Unova,,,,,,122,157,,,24,,,,,275,64,97,,,32,32,-2,-3,-2,-3
617,accelgor,Bug,,Unova,,,,,,123,158,,,25,,,,,276,65,9,,,32,32,-2,-3,-2,-3
618,stunfisk,Ground,Electric,Unova,,,,,,124,231,,,39,,,,,226,,,,,32,32,-2,-3,-2,-3
618,stunfisk,Ground,Steel,Unova,,,,,,,,,,,,,,,226,,,,1,32,32,-2,-3,-2,-3
619,mienfoo,Fighting,,Unova,,,,,,125,219,,3,,,,359,,,163,,,,32,32,-2,-3,-2,-3
620,mienshao,Fighting,,Unova,,,,,,126,220,,4,,,,360,,,164,,,,32,32,-2,-3,-2,-3
621,druddigon,Dragon,,Unova,,,,,,127,270,,,141,,,374,,,63,119,,,32,32,-2,-3,-2,-3
622,golett,Ground,Ghost,Unova,,,,,,128,271,,91,,,,312,,88,,153,,,32,32,-2,-3,-2,-3
623,golurk,Ground,Ghost,Unova,,,,,,129,272,,92,,,,313,,89,,154,,,32,32,-2,-3,-2,-3
624,pawniard,Dark,Steel,Unova,,,,,,130,223,,,48,,,337,,246,29,,,,32,32,-2,-3,-2,-3
625,bisharp,Dark,Steel,Unova,,,,,,131,224,,,49,,,338,,247,30,,,,32,32,-2,-3,-2,-3
626,bouffalant,Normal,,Unova,,,,,,132,269,,,,,,,,,53,,,,32,32,-2,-3,-2,-3
627,rufflet,Normal,Flying,Unova,,,,,,133,109,,,,,75,89,,281,179,,221,,32,32,-2,-3,-2,-3
628,braviary,Normal,Flying,Unova,,,,,,134,110,,,,,76,90,,282,180,,,,32,32,-2,-3,-2,-3
628,braviary,Psychic,Flying,Unova,,,,,,,,,,,,,,,,,,222,1,32,32,-2,-3,-2,-3
629,vullaby,Dark,Flying,Unova,,,,,,135,111,,,,,77,91,,283,181,,,,32,32,-2,-3,-2,-3
630,mandibuzz,Dark,Flying,Unova,,,,,,136,112,,,,,78,92,,284,182,,,,32,32,-2,-3,-2,-3
631,heatmor,Fire,,Unova,,,,,,137,193,,,105,,,,,317,,102,,,32,32,-2,-3,-2,-3
632,durant,Bug,Steel,Unova,,,,,,138,194,,,106,,,,,316,,101,,,32,32,-2,-3,-2,-3
633,deino,Dark,Dragon,Unova,,,,,,139,273,,,142,,,,,386,,136,,,32,32,-2,-3,-2,-3
634,zweilous,Dark,Dragon,Unova,,,,,,140,274,,,143,,,,,387,,137,,,32,32,-2,-3,-2,-3
635,hydreigon,Dark,Dragon,Unova,,,,,,141,275,,,144,,,,,388,,138,,,32,32,-2,-3,-2,-3
636,larvesta,Bug,Fire,Unova,,,,,,142,171,,,,,,203,,,186,,,,32,32,-2,-3,-2,-3
637,volcarona,Bug,Fire,Unova,,,,,,143,172,,,,,,204,,,187,,,,32,32,-2,-3,-2,-3
638,cobalion,Steel,Fighting,Unova,,,,,,144,225,,,,,,,,,,205,,,32,32,-2,-3,-2,-3
639,terrakion,Rock,Fighting,Unova,,,,,,145,226,,,,,,,,,,206,,,32,32,-2,-3,-2,-3
640,virizion,Grass,Fighting,Unova,,,,,,146,227,,,,,,,,,,207,,,32,32,-2,-3,-2,-3
641,tornadus,Flying,,Unova,,,,,,147,198,,,,,,,,,,,231,,32,32,-2,-3,-2,-3
642,thundurus,Electric,Flying,Unova,,,,,,148,199,,,,,,,,,,,232,,32,32,-2,-3,-2,-3
643,reshiram,Dragon,Fire,Unova,,,,,,149,295,,,,,,,,,,,,,32,32,-2,-3,-2,-3
644,zekrom,Dragon,Electric,Unova,,,,,,150,296,,,,,,,,,,,,,32,32,-2,-3,-2,-3
645,landorus,Ground,Flying,Unova,,,,,,151,200,,,,,,,,,,,233,,32,32,-2,-3,-2,-3
646,kyurem,Dragon,Ice,Unova,,,,,,152,297,,,,,,,,,,,,,32,32,-2,-3,-2,-3
647,keldeo,Water,Fighting,Unova,,,,,,153,298,,,,,,,,,,,,,32,32,-2,-3,-2,-3
648,meloetta,Normal,Psychic,Unova,,,,,,154,299,,,,,,,,,,,,,32,32,-2,-3,-2,-3
648,meloetta,Normal,Fighting,Unova,,,,,,154,299,,,,,,,,,,,,1,32,32,-2,-3,-2,-3
649,genesect,Bug,Steel,Unova,,,,,,155,300,,,,,,,,,,,,,32,32,-2,-3,-2,-3
650,chespin,Grass,,Kalos,,,,,,,,1,,,,,,,,,,,,32,32,-2,-3,-2,-3
651,quilladin,Grass,,Kalos,,,,,,,,2,,,,,,,,,,,,32,32,-2,-3,-2,-3
652,chesnaught,Grass,Fighting,Kalos,,,,,,,,3,,,,,,,,,,,,32,32,-2,-3,-2,-3
653,fennekin,Fire,,Kalos,,,,,,,,4,,,,,,,,,,,,32,32,-2,-3,-2,-3
654,braixen,Fire,,Kalos,,,,,,,,5,,,,,,,,,,,,32,32,-2,-3,-2,-3
655,delphox,Fire,Psychic,Kalos,,,,,,,,6,,,,,,,,,,,,32,32,-2,-3,-2,-3
656,froakie,Water,,Kalos,,,,,,,,7,,,,,,,,,,,,32,32,-2,-3,-2,-3
657,frogadier,Water,,Kalos,,,,,,,,8,,,,,,,,,,,,32,32,-2,-3,-2,-3
658,greninja,Water,Dark,Kalos,,,,,,,,9,,,,,,,,,,,,32,32,-2,-3,-2,-3
659,bunnelby,Normal,,Kalos,,,,,,,,10,,,,,,,48,,,,,32,32,-2,-3,-2,-3
660,diggersby,Normal,Ground,Kalos,,,,,,,,11,,,,,,,49,,,,,32,32,-2,-3,-2,-3
661,fletchling,Normal,Flying,Kalos,,,,,,,,14,,,,158,192,,,22,,,,32,32,-2,-3,-2,-3
662,fletchinder,Fire,Flying,Kalos,,,,,,,,15,,,,159,193,,,23,,,,32,32,-2,-3,-2,-3
663,talonflame,Fire,Flying,Kalos,,,,,,,,16,,,,160,194,,,24,,,,32,32,-2,-3,-2,-3
664,scatterbug,Bug,,Kalos,,,,,,,,20,,,,,,,,,,,,32,32,-2,-3,-2,-3
665,spewpa,Bug,,Kalos,,,,,,,,21,,,,,,,,,,,,32,32,-2,-3,-2,-3
666,vivillon,Bug,Flying,Kalos,,,,,,,,22,,,,,,,,,,,,32,32,-2,-3,-2,-3
667,litleo,Fire,Normal,Kalos,,,,,,,,57,,,,,370,,,,,,,32,32,-2,-3,-2,-3
668,pyroar,Fire,Normal,Kalos,,,,,,,,58,,,,,371,,,,,,,32,32,-2,-3,-2,-3
669,flabebe,Fairy,,Kalos,,,,,,,,68,,,,,100,,,,,,,32,32,-2,-3,-2,-3
670,floette,Fairy,,Kalos,,,,,,,,69,,,,,101,,,,,,,32,32,-2,-3,-2,-3
671,florges,Fairy,,Kalos,,,,,,,,70,,,,,102,,,,,,,32,32,-2,-3,-2,-3
672,skiddo,Grass,,Kalos,,,,,,,,89,,,,,,,,,,,,32,32,-2,-3,-2,-3
673,gogoat,Grass,,Kalos,,,,,,,,90,,,,,,,,,,,,32,32,-2,-3,-2,-3
674,pancham,Fighting,,Kalos,,,,,,,,91,,,,220,284,,111,,,,,32,32,-2,-3,-2,-3
675,pangoro,Fighting,Dark,Kalos,,,,,,,,92,,,,221,285,,112,,,,,32,32,-2,-3,-2,-3
676,furfrou,Normal,,Kalos,,,,,,,,93,,,,,30,,,,,,,32,32,-2,-3,-2,-3
677,espurr,Psychic,,Kalos,,,,,,,,114,,,,,,,208,,,,,32,32,-2,-3,-2,-3
678,meowstic,Psychic,,Kalos,,,,,,,,115,,,,,,,209,,,,,32,32,-2,-3,-2,-3
679,honedge,Steel,Ghost,Kalos,,,,,,,,117,,,,,,,330,,,,,32,32,-2,-3,-2,-3
680,doublade,Steel,Ghost,Kalos,,,,,,,,118,,,,,,,331,,,,,32,32,-2,-3,-2,-3
681,aegislash,Steel,Ghost,Kalos,,,,,,,,119,,,,,,,332,,,,,32,32,-2,-3,-2,-3
682,spritzee,Fairy,,Kalos,,,,,,,,129,,,,,,,212,,,,,32,32,-2,-3,-2,-3
683,aromatisse,Fairy,,Kalos,,,,,,,,130,,,,,,,213,,,,,32,32,-2,-3,-2,-3
684,swirlix,Fairy,,Kalos,,,,,,,,131,,,,,,,210,,,,,32,32,-2,-3,-2,-3
685,slurpuff,Fairy,,Kalos,,,,,,,,132,,,,,,,211,,,,,32,32,-2,-3,-2,-3
686,inkay,Dark,Psychic,Kalos,,,,,,,,,10,,,,26,,290,108,,,,32,32,-2,-3,-2,-3
687,malamar,Dark,Psychic,Kalos,,,,,,,,,11,,,,27,,291,109,,,,32,32,-2,-3,-2,-3
688,binacle,Rock,Water,Kalos,,,,,,,,,21,,,,,,234,,,,,32,32,-2,-3,-2,-3
689,barbaracle,Rock,Water,Kalos,,,,,,,,,22,,,,,,235,,,,,32,32,-2,-3,-2,-3
690,skrelp,Poison,Water,Kalos,,,,,,,,,30,,,,347,,,194,,,,32,32,-2,-3,-2,-3
691,dragalge,Poison,Dragon,Kalos,,,,,,,,,31,,,,348,,,195,,,,32,32,-2,-3,-2,-3
692,clauncher,Water,,Kalos,,,,,,,,,32,,,,349,,,196,,,,32,32,-2,-3,-2,-3
693,clawitzer,Water,,Kalos,,,,,,,,,33,,,,350,,,197,,,,32,32,-2,-3,-2,-3
694,helioptile,Electric,Normal,Kalos,,,,,,,,,46,,,,,,318,,,,,32,32,-2,-3,-2,-3
695,heliolisk,Electric,Normal,Kalos,,,,,,,,,47,,,,,,319,,,,,32,32,-2,-3,-2,-3
696,tyrunt,Rock,Dragon,Kalos,,,,,,,,,64,,,,243,,,,83,,,32,32,-2,-3,-2,-3
697,tyrantrum,Rock,Dragon,Kalos,,,,,,,,,65,,,,244,,,,84,,,32,32,-2,-3,-2,-3
698,amaura,Rock,Ice,Kalos,,,,,,,,,66,,,,245,,,,85,,,32,32,-2,-3,-2,-3
699,aurorus,Rock,Ice,Kalos,,,,,,,,,67,,,,246,,,,86,,,32,32,-2,-3,-2,-3
700,sylveon,Fairy,,Kalos,,,,,,,,,85,,,131,161,,204,,82,33,,32,32,-2,-3,-2,-3
701,hawlucha,Fighting,Flying,Kalos,,,,,,,,,89,,,,96,,320,,,,,32,32,-2,-3,-2,-3
702,dedenne,Electric,Fairy,Kalos,,,,,,,,,110,,,,291,,,103,,,,32,32,-2,-3,-2,-3
703,carbink,Rock,Fairy,Kalos,,,,,,,,,124,,,101,123,,,,128,,,32,32,-2,-3,-2,-3
704,goomy,Dragon,,Kalos,,,,,,,,,,19,,178,217,,389,60,,115,,32,32,-2,-3,-2,-3
705,sliggoo,Dragon,,Kalos,,,,,,,,,,20,,179,218,,390,61,,,,32,32,-2,-3,-2,-3
705,sliggoo,Steel,Dragon,Kalos,,,,,,,,,,,,,,,,,,116,1,32,32,-2,-3,-2,-3
706,goodra,Dragon,,Kalos,,,,,,,,,,21,,180,219,,391,62,,,,32,32,-2,-3,-2,-3
706,goodra,Steel,Dragon,Kalos,,,,,,,,,,,,,,,,,,117,1,32,32,-2,-3,-2,-3
707,klefki,Steel,Fairy,Kalos,,,,,,,,,,50,,241,314,,,28,,,,32,32,-2,-3,-2,-3
708,phantump,Ghost,Grass,Kalos,,,,,,,,,,61,,196,250,,338,,33,,,32,32,-2,-3,-2,-3
709,trevenant,Ghost,Grass,Kalos,,,,,,,,,,62,,197,251,,339,,34,,,32,32,-2,-3,-2,-3
710,pumpkaboo,Ghost,Grass,Kalos,,,,,,,,,,63,,,,,191,,,,,32,32,-2,-3,-2,-3
711,gourgeist,Ghost,Grass,Kalos,,,,,,,,,,64,,,,,192,,,,,32,32,-2,-3,-2,-3
712,bergmite,Ice,,Kalos,,,,,,,,,,79,,,,,358,,142,215,,32,32,-2,-3,-2,-3
713,avalugg,Ice,,Kalos,,,,,,,,,,80,,,,,359,,143,,,32,32,-2,-3,-2,-3
713,avalugg,Ice,Rock,Kalos,,,,,,,,,,,,,,,,,,216,1,32,32,-2,-3,-2,-3
714,noibat,Flying,Dragon,Kalos,,,,,,,,,,113,,,83,,176,,181,,,32,32,-2,-3,-2,-3
715,noivern,Flying,Dragon,Kalos,,,,,,,,,,114,,,84,,177,,182,,,32,32,-2,-3,-2,-3
716,xerneas,Fairy,,Kalos,,,,,,,,,,148,,,,,,,,,,32,32,-2,-3,-2,-3
717,yveltal,Dark,Flying,Kalos,,,,,,,,,,149,,,,,,,,,,32,32,-2,-3,-2,-3
718,zygarde,Dragon,Ground,Kalos,,,,,,,,,,150,,205,263,,,,,,,32,32,-2,-3,-2,-3
719,diancie,Rock,Fairy,Kalos,,,,,,,,151,,,,,,,,,,,,32,32,-2,-3,-2,-3
720,hoopa,Psychic,Ghost,Kalos,,,,,,,,152,,,,,,,,,,,,32,32,-2,-3,-2,-3
720,hoopa,Psychic,Dark,Kalos,,,,,,,,,,,,,,,,,,,1,32,32,-2,-3,-2,-3
721,volcanion,Fire,Water,Kalos,,,,,,,,153,,,,,,,,,,,,32,32,-2,-3,-2,-3
722,rowlet,Grass,Flying,Alola,,,,,,,,,,,,1,1,,,,,1,,32,32,-2,-3,-2,-3
723,dartrix,Grass,Flying,Alola,,,,,,,,,,,,2,2,,,,,2,,32,32,-2,-3,-2,-3
724,decidueye,Grass,Ghost,Alola,,,,,,,,,,,,3,3,,,,,,,32,32,-2,-3,-2,-3
724,decidueye,Grass,Fighting,Alola,,,,,,,,,,,,,,,,,,3,1,32,32,-2,-3,-2,-3
725,litten,Fire,,Alola,,,,,,,,,,,,4,4,,,,,,,32,32,-2,-3,-2,-3
726,torracat,Fire,,Alola,,,,,,,,,,,,5,5,,,,,,,32,32,-2,-3,-2,-3
727,incineroar,Fire,Dark,Alola,,,,,,,,,,,,6,6,,,,,,,32,32,-2,-3,-2,-3
728,popplio,Water,,Alola,,,,,,,,,,,,7,7,,,,,,,32,32,-2,-3,-2,-3
729,brionne,Water,,Alola,,,,,,,,,,,,8,8,,,,,,,32,32,-2,-3,-2,-3
730,primarina,Water,Fairy,Alola,,,,,,,,,,,,9,9,,,,,,,32,32,-2,-3,-2,-3
731,pikipek,Normal,Flying,Alola,,,,,,,,,,,,10,10,,,,,,,32,32,-2,-3,-2,-3
732,trumbeak,Normal,Flying,Alola,,,,,,,,,,,,11,11,,,,,,,32,32,-2,-3,-2,-3
733,toucannon,Normal,Flying,Alola,,,,,,,,,,,,12,12,,,,,,,32,32,-2,-3,-2,-3
734,yungoos,Normal,,Alola,,,,,,,,,,,,13,13,,,,,,,32,32,-2,-3,-2,-3
735,gumshoos,Normal,,Alola,,,,,,,,,,,,14,14,,,,,,,32,32,-2,-3,-2,-3
736,grubbin,Bug,,Alola,,,,,,,,,,,,27,34,,16,,,,,32,32,-2,-3,-2,-3
737,charjabug,Bug,Electric,Alola,,,,,,,,,,,,28,35,,17,,,,,32,32,-2,-3,-2,-3
738,vikavolt,Bug,Electric,Alola,,,,,,,,,,,,29,36,,18,,,,,32,32,-2,-3,-2,-3
739,crabrawler,Fighting,,Alola,,,,,,,,,,,,59,71,,,,,,,32,32,-2,-3,-2,-3
740,crabominable,Fighting,Ice,Alola,,,,,,,,,,,,60,72,,,,,,,32,32,-2,-3,-2,-3
741,oricorio,Fire,Flying,Alola,,,,,,,,,,,,82,97,,,,,,,32,32,-2,-3,-2,-3
741,oricorio,Electric,Flying,Alola,,,,,,,,,,,,82,97,,,,,,1,32,32,-2,-3,-2,-3
741,oricorio,Psychic,Flying,Alola,,,,,,,,,,,,82,97,,,,,,2,32,32,-2,-3,-2,-3
741,oricorio,Ghost,Flying,Alola,,,,,,,,,,,,82,97,,,,,,3,32,32,-2,-3,-2,-3
742,cutiefly,Bug,Fairy,Alola,,,,,,,,,,,,83,98,,187,,,,,32,32,-2,-3,-2,-3
743,ribombee,Bug,Fairy,Alola,,,,,,,,,,,,84,99,,188,,,,,32,32,-2,-3,-2,-3
744,rockruff,Rock,,Alola,,,,,,,,,,,,103,126,,,157,,,,32,32,-2,-3,-2,-3
745,lycanroc,Rock,,Alola,,,,,,,,,,,,104,127,,,158,,,,32,32,-2,-3,-2,-3
746,wishiwashi,Water,,Alola,,,,,,,,,,,,110,133,,155,110,,,,32,32,-2,-3,-2,-3
747,mareanie,Poison,Water,Alola,,,,,,,,,,,,113,136,,307,127,,,,32,32,-2,-3,-2,-3
748,toxapex,Poison,Water,Alola,,,,,,,,,,,,114,137,,308,128,,,,32,32,-2,-3,-2,-3
749,mudbray,Ground,,Alola,,,,,,,,,,,,132,165,,84,,,,,32,32,-2,-3,-2,-3
750,mudsdale,Ground,,Alola,,,,,,,,,,,,133,166,,85,,,,,32,32,-2,-3,-2,-3
751,dewpider,Water,Bug,Alola,,,,,,,,,,,,141,174,,214,,91,,,32,32,-2,-3,-2,-3
752,araquanid,Water,Bug,Alola,,,,,,,,,,,,142,175,,215,,92,,,32,32,-2,-3,-2,-3
753,fomantis,Grass,,Alola,,,,,,,,,,,,143,176,,,17,,,,32,32,-2,-3,-2,-3
754,lurantis,Grass,,Alola,,,,,,,,,,,,144,177,,,18,,,,32,32,-2,-3,-2,-3
755,morelull,Grass,Fairy,Alola,,,,,,,,,,,,145,178,,340,,,,,32,32,-2,-3,-2,-3
756,shiinotic,Grass,Fairy,Alola,,,,,,,,,,,,146,179,,341,,,,,32,32,-2,-3,-2,-3
757,salandit,Poison,Fire,Alola,,,,,,,,,,,,161,195,,244,159,,,,32,32,-2,-3,-2,-3
758,salazzle,Poison,Fire,Alola,,,,,,,,,,,,162,196,,245,160,,,,32,32,-2,-3,-2,-3
759,stufful,Normal,Fighting,Alola,,,,,,,,,,,,169,205,,94,,,,,32,32,-2,-3,-2,-3
760,bewear,Normal,Fighting,Alola,,,,,,,,,,,,170,206,,95,,,,,32,32,-2,-3,-2,-3
761,bounsweet,Grass,,Alola,,,,,,,,,,,,171,207,,52,,,,,32,32,-2,-3,-2,-3
762,steenee,Grass,,Alola,,,,,,,,,,,,172,208,,53,,,,,32,32,-2,-3,-2,-3
763,tsareena,Grass,,Alola,,,,,,,,,,,,173,209,,54,,,,,32,32,-2,-3,-2,-3
764,comfey,Fairy,,Alola,,,,,,,,,,,,174,210,,,79,,,,32,32,-2,-3,-2,-3
765,oranguru,Normal,Psychic,Alola,,,,,,,,,,,,176,215,,342,89,,,,32,32,-2,-3,-2,-3
766,passimian,Fighting,,Alola,,,,,,,,,,,,177,216,,343,90,,,,32,32,-2,-3,-2,-3
767,wimpod,Bug,Water,Alola,,,,,,,,,,,,182,221,,232,124,,,,32,32,-2,-3,-2,-3
768,golisopod,Bug,Water,Alola,,,,,,,,,,,,183,222,,233,125,,,,32,32,-2,-3,-2,-3
769,sandygast,Ghost,Ground,Alola,,,,,,,,,,,,186,225,,,133,,,,32,32,-2,-3,-2,-3
770,palossand,Ghost,Ground,Alola,,,,,,,,,,,,187,226,,,134,,,,32,32,-2,-3,-2,-3
771,pyukumuku,Water,,Alola,,,,,,,,,,,,200,256,,156,,,,,32,32,-2,-3,-2,-3
772,typenull,Normal,,Alola,,,,,,,,,,,,203,259,,381,,,,,32,32,-2,-3,-2,-3
773,silvally,Normal,,Alola,,,,,,,,,,,,204,260,,382,,,,,32,32,-2,-3,-2,-3
773,silvally,Fighting,,Alola,,,,,,,,,,,,204,260,,382,,,,1,32,32,-2,-3,-2,-3
773,silvally,Flying,,Alola,,,,,,,,,,,,204,260,,382,,,,2,32,32,-2,-3,-2,-3
773,silvally,Poison,,Alola,,,,,,,,,,,,204,260,,382,,,,3,32,32,-2,-3,-2,-3
773,silvally,Ground,,Alola,,,,,,,,,,,,204,260,,382,,,,4,32,32,-2,-3,-2,-3
773,silvally,Rock,,Alola,,,,,,,,,,,,204,260,,382,,,,5,32,32,-2,-3,-2,-3
773,silvally,Bug,,Alola,,,,,,,,,,,,204,260,,382,,,,6,32,32,-2,-3,-2,-3
773,silvally,Ghost,,Alola,,,,,,,,,,,,204,260,,382,,,,7,32,32,-2,-3,-2,-3
773,silvally,Steel,,Alola,,,,,,,,,,,,204,260,,382,,,,8,32,32,-2,-3,-2,-3
773,silvally,Fire,,Alola,,,,,,,,,,,,204,260,,382,,,,9,32,32,-2,-3,-2,-3
773,silvally,Water,,Alola,,,,,,,,,,,,204,260,,382,,,,10,32,32,-2,-3,-2,-3
773,silvally,Grass,,Alola,,,,,,,,,,,,204,260,,382,,,,11,32,32,-2,-3,-2,-3
773,silvally,Electric,,Alola,,,,,,,,,,,,204,260,,382,,,,12,32,32,-2,-3,-2,-3
773,silvally,Psychic,,Alola,,,,,,,,,,,,204,260,,382,,,,13,32,32,-2,-3,-2,-3
773,silvally,Ice,,Alola,,,,,,,,,,,,204,260,,382,,,,14,32,32,-2,-3,-2,-3
773,silvally,Dragon,,Alola,,,,,,,,,,,,204,260,,382,,,,15,32,32,-2,-3,-2,-3
773,silvally,Dark,,Alola,,,,,,,,,,,,204,260,,382,,,,16,32,32,-2,-3,-2,-3
773,silvally,Fairy,,Alola,,,,,,,,,,,,204,260,,382,,,,17,32,32,-2,-3,-2,-3
774,minior,Rock,Flying,Alola,,,,,,,,,,,,213,277,,,,,,,32,32,-2,-3,-2,-3
775,komala,Normal,,Alola,,,,,,,,,,,,222,286,,,,,,,32,32,-2,-3,-2,-3
776,turtonator,Fire,Dragon,Alola,,,,,,,,,,,,224,288,,347,,,,,32,32,-2,-3,-2,-3
777,togedemaru,Electric,Steel,Alola,,,,,,,,,,,,225,292,,348,,,,,32,32,-2,-3,-2,-3
778,mimikyu,Ghost,Fairy,Alola,,,,,,,,,,,,242,315,,301,,46,,,32,32,-2,-3,-2,-3
779,bruxish,Water,Psychic,Alola,,,,,,,,,,,,243,320,,,,,,,32,32,-2,-3,-2,-3
780,drampa,Normal,Dragon,Alola,,,,,,,,,,,,244,321,,346,,,,,32,32,-2,-3,-2,-3
781,dhelmise,Ghost,Grass,Alola,,,,,,,,,,,,263,344,,360,,162,,,32,32,-2,-3,-2,-3
782,jangmoo,Dragon,,Alola,,,,,,,,,,,,271,361,,392,165,,,,32,32,-2,-3,-2,-3
783,hakamoo,Dragon,Fighting,Alola,,,,,,,,,,,,272,362,,393,166,,,,32,32,-2,-3,-2,-3
784,kommoo,Dragon,Fighting,Alola,,,,,,,,,,,,273,363,,394,167,,,,32,32,-2,-3,-2,-3
785,tapukoko,Electric,Fairy,Alola,,,,,,,,,,,,285,383,,,,,,,32,32,-2,-3,-2,-3
786,tapulele,Psychic,Fairy,Alola,,,,,,,,,,,,286,384,,,,,,,32,32,-2,-3,-2,-3
787,tapubulu,Grass,Fairy,Alola,,,,,,,,,,,,287,385,,,,,,,32,32,-2,-3,-2,-3
788,tapufini,Water,Fairy,Alola,,,,,,,,,,,,288,386,,,,,,,32,32,-2,-3,-2,-3
789,cosmog,Psychic,,Alola,,,,,,,,,,,,289,387,,,,,,,32,32,-2,-3,-2,-3
790,cosmoem,Psychic,,Alola,,,,,,,,,,,,290,388,,,,,,,32,32,-2,-3,-2,-3
791,solgaleo,Psychic,Steel,Alola,,,,,,,,,,,,291,389,,,,,,,32,32,-2,-3,-2,-3
792,lunala,Psychic,Ghost,Alola,,,,,,,,,,,,292,390,,,,,,,32,32,-2,-3,-2,-3
793,nihilego,Rock,Poison,Alola,,,,,,,,,,,,293,391,,,,,,,32,32,-2,-3,-2,-3
794,buzzwole,Bug,Fighting,Alola,,,,,,,,,,,,294,394,,,,,,,32,32,-2,-3,-2,-3
795,pheromosa,Bug,Fighting,Alola,,,,,,,,,,,,295,395,,,,,,,32,32,-2,-3,-2,-3
796,xurkitree,Electric,,Alola,,,,,,,,,,,,296,396,,,,,,,32,32,-2,-3,-2,-3
797,celesteela,Steel,Flying,Alola,,,,,,,,,,,,297,397,,,,,,,32,32,-2,-3,-2,-3
798,kartana,Grass,Steel,Alola,,,,,,,,,,,,298,398,,,,,,,32,32,-2,-3,-2,-3
799,guzzlord,Dark,Dragon,Alola,,,,,,,,,,,,299,399,,,,,,,37,32,-5,-3,-4,-3
800,necrozma,Psychic,,Alola,,,,,,,,,,,,300,400,,,,,,,32,32,-2,-3,-2,-3
800,necrozma,Psychic,Steel,Alola,,,,,,,,,,,,,400,,,,,,1,32,32,-2,-3,-2,-3
800,necrozma,Psychic,Ghost,Alola,,,,,,,,,,,,,400,,,,,,2,32,32,-2,-3,-2,-3
800,necrozma,Psychic,Dragon,Alola,,,,,,,,,,,,,400,,,,,,3,32,32,-2,-3,-2,-3
801,magearna,Steel,Fairy,Alola,,,,,,,,,,,,301,401,,,,,,,32,32,-2,-3,-2,-3
802,marshadow,Fighting,Ghost,Alola,,,,,,,,,,,,302,402,,,,,,,32,32,-2,-3,-2,-3
803,poipole,Poison,,Alola,,,,,,,,,,,,,261,,,,,,,32,32,-2,-3,-2,-3
804,naganadel,Poison,Dragon,Alola,,,,,,,,,,,,,262,,,,,,,33,32,-3,-3,-2,-3
805,stakataka,Rock,Steel,Alola,,,,,,,,,,,,,392,,,,,,,32,32,-2,-3,-2,-3
806,blacephalon,Fire,Ghost,Alola,,,,,,,,,,,,,393,,,,,,,32,32,-2,-3,-2,-3
807,zeraora,Electric,,Alola,,,,,,,,,,,,,403,,,,,,,32,32,-2,-3,-2,-3
808,meltan,Steel,,Unknown,,,,,,,,,,,,,,152,,,,,,32,32,-2,-3,-2,-3
809,melmetal,Steel,,Unknown,,,,,,,,,,,,,,153,,,,,,40,29,-6,-2,-6,-3
810,grookey,Grass,,Galar,,,,,,,,,,,,,,,1,,,,,32,32,-2,-3,-2,-3
811,thwackey,Grass,,Galar,,,,,,,,,,,,,,,2,,,,,32,32,-2,-3,-2,-3
812,rillaboom,Grass,,Galar,,,,,,,,,,,,,,,3,,,,,32,32,-2,-3,-2,-3
813,scorbunny,Fire,,Galar,,,,,,,,,,,,,,,4,,,,,32,32,-2,-3,-2,-3
814,raboot,Fire,,Galar,,,,,,,,,,,,,,,5,,,,,32,32,-2,-3,-2,-3
815,cinderace,Fire,,Galar,,,,,,,,,,,,,,,6,,,,,32,32,-2,-3,-2,-3
816,sobble,Water,,Galar,,,,,,,,,,,,,,,7,,,,,32,32,-2,-3,-2,-3
817,drizzile,Water,,Galar,,,,,,,,,,,,,,,8,,,,,32,32,-2,-3,-2,-3
818,inteleon,Water,,Galar,,,,,,,,,,,,,,,9,,,,,32,32,-2,-3,-2,-3
819,skwovet,Normal,,Galar,,,,,,,,,,,,,,,24,9,5,,,32,32,-2,-3,-2,-3
820,greedent,Normal,,Galar,,,,,,,,,,,,,,,25,10,6,,,32,32,-2,-3,-2,-3
821,rookidee,Flying,,Galar,,,,,,,,,,,,,,,21,,163,,,32,32,-2,-3,-2,-3
822,corvisquire,Flying,,Galar,,,,,,,,,,,,,,,22,,164,,,32,32,-2,-3,-2,-3
823,corviknight,Flying,Steel,Galar,,,,,,,,,,,,,,,23,,165,,,32,32,-2,-3,-2,-3
824,blipbug,Bug,,Galar,,,,,,,,,,,,,,,10,14,,,,32,32,-2,-3,-2,-3
825,dottler,Bug,Psychic,Galar,,,,,,,,,,,,,,,11,15,,,,32,32,-2,-3,-2,-3
826,orbeetle,Bug,Psychic,Galar,,,,,,,,,,,,,,,12,16,,,,32,32,-2,-3,-2,-3
827,nickit,Dark,,Galar,,,,,,,,,,,,,,,29,,,,,32,32,-2,-3,-2,-3
828,thievul,Dark,,Galar,,,,,,,,,,,,,,,30,,,,,32,32,-2,-3,-2,-3
829,gossifleur,Grass,,Galar,,,,,,,,,,,,,,,126,,166,,,32,32,-2,-3,-2,-3
830,eldegoss,Grass,,Galar,,,,,,,,,,,,,,,127,,167,,,32,32,-2,-3,-2,-3
831,wooloo,Normal,,Galar,,,,,,,,,,,,,,,34,,3,,,32,32,-2,-3,-2,-3
832,dubwool,Normal,,Galar,,,,,,,,,,,,,,,35,,4,,,32,32,-2,-3,-2,-3
833,chewtle,Water,,Galar,,,,,,,,,,,,,,,42,56,,,,32,32,-2,-3,-2,-3
834,drednaw,Water,Rock,Galar,,,,,,,,,,,,,,,43,57,,,,32,32,-2,-3,-2,-3
835,yamper,Electric,,Galar,,,,,,,,,,,,,,,46,,155,,,32,32,-2,-3,-2,-3
836,boltund,Electric,,Galar,,,,,,,,,,,,,,,47,,156,,,32,32,-2,-3,-2,-3
837,rolycoly,Rock,,Galar,,,,,,,,,,,,,,,161,,176,,,32,32,-2,-3,-2,-3
838,carkol,Rock,Fire,Galar,,,,,,,,,,,,,,,162,,177,,,32,32,-2,-3,-2,-3
839,coalossal,Rock,Fire,Galar,,,,,,,,,,,,,,,163,,178,,,32,32,-2,-3,-2,-3
840,applin,Grass,Dragon,Galar,,,,,,,,,,,,,,,205,19,,,,32,32,-2,-3,-2,-3
841,flapple,Grass,Dragon,Galar,,,,,,,,,,,,,,,206,20,,,,32,32,-2,-3,-2,-3
842,appletun,Grass,Dragon,Galar,,,,,,,,,,,,,,,207,21,,,,32,32,-2,-3,-2,-3
843,silicobra,Ground,,Galar,,,,,,,,,,,,,,,312,174,,,,32,32,-2,-3,-2,-3
844,sandaconda,Ground,,Galar,,,,,,,,,,,,,,,313,175,,,,32,32,-2,-3,-2,-3
845,cramorant,Flying,Water,Galar,,,,,,,,,,,,,,,309,93,,,,32,32,-2,-3,-2,-3
846,arrokuda,Water,,Galar,,,,,,,,,,,,,,,180,96,,,,32,32,-2,-3,-2,-3
847,barraskewda,Water,,Galar,,,,,,,,,,,,,,,181,97,,,,32,32,-2,-3,-2,-3
848,toxel,Electric,Poison,Galar,,,,,,,,,,,,,,,310,,,,,32,32,-2,-3,-2,-3
849,toxtricity,Electric,Poison,Galar,,,,,,,,,,,,,,,311,,,,,32,32,-2,-3,-2,-3
850,sizzlipede,Fire,Bug,Galar,,,,,,,,,,,,,,,159,,99,,,32,32,-2,-3,-2,-3
851,centiskorch,Fire,Bug,Galar,,,,,,,,,,,,,,,160,,100,,,32,32,-2,-3,-2,-3
852,clobbopus,Fighting,,Galar,,,,,,,,,,,,,,,351,129,,,,32,32,-2,-3,-2,-3
853,grapploct,Fighting,,Galar,,,,,,,,,,,,,,,352,130,,,,32,32,-2,-3,-2,-3
854,sinistea,Ghost,,Galar,,,,,,,,,,,,,,,335,,132,,,32,32,-2,-3,-2,-3
855,polteageist,Ghost,,Galar,,,,,,,,,,,,,,,336,,133,,,32,32,-2,-3,-2,-3
856,hatenna,Psychic,,Galar,,,,,,,,,,,,,,,241,,40,,,32,32,-2,-3,-2,-3
857,hattrem,Psychic,,Galar,,,,,,,,,,,,,,,242,,41,,,32,32,-2,-3,-2,-3
858,hatterene,Psychic,Fairy,Galar,,,,,,,,,,,,,,,243,,42,,,32,32,-2,-3,-2,-3
859,impidimp,Dark,Fairy,Galar,,,,,,,,,,,,,,,238,,37,,,32,32,-2,-3,-2,-3
860,morgrem,Dark,Fairy,Galar,,,,,,,,,,,,,,,239,,38,,,32,32,-2,-3,-2,-3
861,grimmsnarl,Dark,Fairy,Galar,,,,,,,,,,,,,,,240,,39,,,32,32,-2,-3,-2,-3
862,obstagoon,Dark,Normal,Galar,,,,,,,,,,,,,,,33,,73,,,32,32,-2,-3,-2,-3
863,perrserker,Steel,,Galar,,,,,,,,,,,,,,,183,,,,,32,32,-2,-3,-2,-3
864,cursola,Ghost,,Galar,,,,,,,,,,,,,,,237,,,,,32,32,-2,-3,-2,-3
865,sirfetchd,Fighting,,Galar,,,,,,,,,,,,,,,219,,,,,32,32,-2,-3,-2,-3
866,mrrime,Ice,Psychic,Galar,,,,,,,,,,,,,,,366,,12,,,32,32,-2,-3,-2,-3
867,runerigus,Ground,Ghost,Galar,,,,,,,,,,,,,,,328,,,,,32,32,-2,-3,-2,-3
868,milcery,Fairy,,Galar,,,,,,,,,,,,,,,185,,,,,32,32,-2,-3,-2,-3
869,alcremie,Fairy,,Galar,,,,,,,,,,,,,,,186,,,,,32,32,-2,-3,-2,-3
870,falinks,Fighting,,Galar,,,,,,,,,,,,,,,345,,,,,32,32,-2,-3,-2,-3
871,pincurchin,Electric,,Galar,,,,,,,,,,,,,,,353,126,158,,,32,32,-2,-3,-2,-3
872,snom,Ice,Bug,Galar,,,,,,,,,,,,,,,349,,1,,,32,32,-2,-3,-2,-3
873,frosmoth,Ice,Bug,Galar,,,,,,,,,,,,,,,350,,2,,,32,32,-2,-3,-2,-3
874,stonjourner,Rock,,Galar,,,,,,,,,,,,,,,369,,89,,,32,32,-2,-3,-2,-3
875,eiscue,Ice,,Galar,,,,,,,,,,,,,,,370,,90,,,32,32,-2,-3,-2,-3
876,indeedee,Psychic,Normal,Galar,,,,,,,,,,,,,,,337,,171,,,32,32,-2,-3,-2,-3
877,morpeko,Electric,Dark,Galar,,,,,,,,,,,,,,,344,104,157,,,32,32,-2,-3,-2,-3
878,cufant,Steel,,Galar,,,,,,,,,,,,,,,302,,108,,,32,32,-2,-3,-2,-3
879,copperajah,Steel,,Galar,,,,,,,,,,,,,,,303,,109,,,32,32,-2,-3,-2,-3
880,dracozolt,Electric,Dragon,Galar,,,,,,,,,,,,,,,374,,,,,32,32,-2,-3,-2,-3
881,arctozolt,Electric,Ice,Galar,,,,,,,,,,,,,,,375,,,,,32,32,-2,-3,-2,-3
882,dracovish,Water,Dragon,Galar,,,,,,,,,,,,,,,376,,,,,32,32,-2,-3,-2,-3
883,arctovish,Water,Ice,Galar,,,,,,,,,,,,,,,377,,,,,32,32,-2,-3,-2,-3
884,duraludon,Steel,Dragon,Galar,,,,,,,,,,,,,,,371,,,,,32,32,-2,-3,-2,-3
885,dreepy,Dragon,Ghost,Galar,,,,,,,,,,,,,,,395,,110,,,32,32,-2,-3,-2,-3
886,drakloak,Dragon,Ghost,Galar,,,,,,,,,,,,,,,396,,111,,,32,32,-2,-3,-2,-3
887,dragapult,Dragon,Ghost,Galar,,,,,,,,,,,,,,,397,,112,,,32,32,-2,-3,-2,-3
888,zacian,Fairy,,Galar,,,,,,,,,,,,,,,398,,,,,32,32,-2,-3,-2,-3
888,zacian,Fairy,Steel,Galar,,,,,,,,,,,,,,,398,,,,1,32,32,-2,-3,-2,-3
889,zamazenta,Fighting,,Galar,,,,,,,,,,,,,,,399,,,,,32,32,-2,-3,-2,-3
889,zamazenta,Fighting,Steel,Galar,,,,,,,,,,,,,,,399,,,,1,32,32,-2,-3,-2,-3
890,eternatus,Poison,Dragon,Galar,,,,,,,,,,,,,,,400,,,,,32,32,-2,-3,-2,-3
891,kubfu,Fighting,,Galar,,,,,,,,,,,,,,,,100,,,,32,32,-2,-3,-2,-3
892,urshifu,Fighting,Dark,Galar,,,,,,,,,,,,,,,,101,,,,32,32,-2,-3,-2,-3
892,urshifu,Fighting,Water,Galar,,,,,,,,,,,,,,,,101,,,1,32,32,-2,-3,-2,-3
893,zarude,Dark,Grass,Galar,,,,,,,,,,,,,,,,211,,,,32,32,-2,-3,-2,-3
894,regieleki,Electric,,Galar,,,,,,,,,,,,,,,,,200,,,32,32,-2,-3,-2,-3
895,regidrago,Dragon,,Galar,,,,,,,,,,,,,,,,,201,,,32,32,-2,-3,-2,-3
896,glastrier,Ice,,Galar,,,,,,,,,,,,,,,,,208,,,32,32,-2,-3,-2,-3
897,spectrier,Ghost,,Galar,,,,,,,,,,,,,,,,,209,,,32,32,-2,-3,-2,-3
898,calyrex,Psychic,Grass,Galar,,,,,,,,,,,,,,,,,210,,,32,32,-2,-3,-2,-3
898,calyrex,Psychic,Ice,Galar,,,,,,,,,,,,,,,,,210,,1,32,32,-2,-3,-2,-3
898,calyrex,Psychic,Ghost,Galar,,,,,,,,,,,,,,,,,210,,2,32,32,-2,-3,-2,-3
899,wyrdeer,Normal,Psychic,Hisui,,,,,,,,,,,,,,,,,,50,,32,32,-2,-3,-2,-3
900,kleavor,Bug,Rock,Hisui,,,,,,,,,,,,,,,,,,73,,32,32,-2,-3,-2,-3
901,ursaluna,Ground,Normal,Hisui,,,,,,,,,,,,,,,,,,114,,32,32,-2,-3,-2,-3
902,basculegion,Water,Ghost,Hisui,,,,,,,,,,,,,,,,,,167,,32,32,-2,-3,-2,-3
903,sneasler,Fighting,Poison,Hisui,,,,,,,,,,,,,,,,,,203,,32,32,-2,-3,-2,-3
904,overqwil,Dark,Poison,Hisui,,,,,,,,,,,,,,,,,,85,,32,32,-2,-3,-2,-3
905,enamorus,Fairy,Flying,Hisui,,,,,,,,,,,,,,,,,,234,,32,32,-2,-3,-2,-3
